word,frequency
provide,39
nonexhaustive,1
list,5
solution,19
initiatives,3
artificial,79
intelligence,90
solve,4
recurring,1
problem,29
africa,3
despite,9
existing,13
continent,2
not,29
fully,5
benefiting,1
challenge,36
facing,2
numerous,2
diverse,1
forefront,3
related,12
difficult,7
access,11
large,9
amount,6
quality,12
storage,1
regulatory,6
require,4
good,5
connection,1
considerable,1
energy,14
requirements,3
unfortunately,1
container,1
suffers,1
lack,5
broadband,1
infrastructure,9
operation,7
skilled,2
workforce,2
education,26
conducive,1
skills,6
schools,1
university,4
enough,1
young,6
graduates,1
labor,3
market,19
strong,4
competence,1
addition,10
there,21
effective,14
funding,4
innovation,18
nevertheless,2
promote,10
already,2
exist,3
possible,15
ecosystem,8
building,8
redesign,1
national,11
regional,2
strategy,41
finally,13
key,18
sustainable,18
influencing,1
factors,13
indicator,5
smart,20
home,4
product,5
design,41
discussed,8
traditional,8
concept,15
household,5
appliances,1
premise,1
environment,25
friendly,3
planning,16
suggested,2
decisionmaking,19
expansion,3
suggest,9
reference,4
developers,2
designers,1
promoters,1
movement,3
projectile,4
mass,3
charge,1
static,3
important,15
various,18
physics,2
ranging,3
particle,1
rocket,1
case,11
solely,1
dependent,2
initial,6
velocity,5
provided,5
determination,1
complicated,1
complex,12
neural,9
network,42
modelling,2
accurately,2
estimate,6
aidriven,2
estimation,1
extremely,3
supervised,2
learning,61
due,6
seen,2
example,15
state,13
position,3
action,10
relation,6
known,1
work,22
treated,2
continuousactionspace,1
contextual,2
bandit,1
networkbased,1
actor,3
critic,2
model,52
determine,8
tested,2
configuration,3
pythonbased,1
gui,1
named,3
pygame,1
training,6
success,3
rate,6
hitting,1
targeted,3
destinations,1
respectively,7
implies,3
successfully,3
high,12
accuracy,7
sentiment,8
emotion,1
opinion,4
mining,2
natural,7
language,7
processing,7
nlp,1
identify,22
quantify,1
obtain,2
tacit,1
subject,4
information,33
broad,2
spectrum,1
area,28
influenced,2
government,38
finding,3
mental,12
health,43
individual,12
misuse,2
drugs,1
healthcare,12
fraud,2
detection,8
financial,9
sector,18
covid19,11
awareness,2
impact,19
cybercrime,1
etc,7
amplitude,1
social,32
media,13
increase,9
day,3
need,24
automatically,2
address,13
deep,25
handle,2
well,20
incomprehensibility,1
decision,45
better,16
trust,15
believe,2
fairness,2
reliability,4
unbiasing,1
explore,8
along,2
popular,4
technique,19
interpretability,1
evaluation,7
criteria,3
indicate,7
new,25
literally,1
mean,4
intelligent,17
referred,1
digital,25
guaranteed,1
innovative,8
tool,20
internet,9
thing,7
iot,6
device,7
communication,6
cloud,5
computing,14
big,15
thanks,2
sensors,1
connected,5
patient,5
technologically,1
advanced,7
bracelets,1
watches,1
collect,2
people,12
treat,2
even,6
remotely,1
anticipating,1
critical,9
situations,1
occur,6
support,21
lead,7
suitable,1
recommendation,6
best,3
improving,4
life,4
assisting,3
practitioners,10
providers,2
collecting,1
exchanging,2
helping,3
prevent,3
events,5
heart,1
attack,5
illness,4
immense,2
anticipate,1
future,32
recent,16
year,19
sparked,1
tremendous,1
global,14
interest,6
impacting,1
widely,3
adopted,5
image,3
recognition,3
speech,1
vehicle,8
translating,1
biomedical,1
improved,6
human,51
present,22
literature,19
review,20
conducted,10
methodology,12
algorithm,27
main,10
explored,3
class,3
sequencing,3
soft,1
material,7
protein,3
polymer,3
formulated,2
heuristic,4
search,9
involves,5
akin,1
computer,13
game,21
gaming,1
monte,1
carlo,1
tree,4
mcts,4
gained,2
prominence,1
exemplary,1
performance,22
aimed,6
identifying,3
path,5
move,4
reach,3
final,2
winning,1
optimal,8
major,8
inverse,2
space,11
vast,2
property,4
sequence,5
computationally,2
demanding,2
reaching,1
minimizing,1
total,4
number,12
cycle,1
highly,7
desirable,2
demonstrate,8
adopt,5
solving,4
developing,19
growing,8
node,4
candidate,7
fitness,1
directly,5
molecular,2
simulation,7
interface,2
representative,3
designing,1
copolymer,2
compatibilizer,1
goal,7
specific,5
zero,2
interfacial,2
immiscible,1
homopolymers,1
apply,7
chain,6
lengths,1
varying,1
10mer,1
30mer,1
wherein,1
overall,6
vary,3
∼1,1
billion,1
target,5
within,12
few,1
hundred,1
demonstrating,1
scalability,1
efficiency,11
exploring,3
practical,9
exceedingly,1
chemicalmaterial,1
mctsmd,1
framework,26
easily,3
extended,3
several,6
particular,7
sequenceproperty,1
unavailable,1
andor,2
resource,13
intensive,1
journal,1
purpose,17
india,12
designmethodologyapproach,5
studies,19
focus,15
group,9
discussion,14
source,5
company,11
websites,2
indian,6
reports,2
implemented,3
location,2
relevant,9
document,4
charter,1
help,17
authority,2
frame,1
highlight,9
improvement,5
comprehensive,10
input,9
framing,4
security,20
privacy,9
issue,28
governance,17
limitationsimplications,4
airelated,3
potential,17
toward,11
organization,23
necessity,2
industry,21
derive,4
benefit,15
implication,19
benefitted,1
r&d,2
activity,5
harness,1
maximum,2
appreciable,1
influence,10
society,16
term,5
human–device,1
interaction,4
expected,7
project,3
farreaching,1
effect,4
deriving,2
originalityvalue,5
holistic,3
unique,7
attempt,1
policymakers,12
meaningful,4
rule,5
carry,1
out,9
generate,8
excitement,1
type,9
playing,5
turnbased,1
realtime,5
strategic,5
rts,2
character,2
warcraft,1
chess,1
fun,2
play,8
decrease,2
player,7
point,8
hence,3
autonomous,16
assistant,2
reinforcement,12
drl,12
continue,4
learn,6
erasing,1
previously,3
learned,4
memory,2
adapt,5
style,2
describe,5
royale,1
heroes,1
implement,6
drlbased,2
first,20
base,3
created,4
rulebased,4
conventional,2
next,6
trained,1
imitate,2
behavior,11
matches,1
show,25
copy,1
choice,11
fow,3
witnessing,1
evolution,4
here,5
refer,4
form,8
paid,3
unpaid,1
physical,4
virtual,8
workplace,3
enabled,4
cover,2
crowdsourcing,1
platform,19
amazon,1
mechanical,1
turk,1
online,11
marketplaces,1
taskrabbit,1
qapa,1
regular,2
job,8
bringing,2
back,2
frontier,1
shift,3
perception,3
selfimprovement,1
sure,2
positively,3
shape,4
economic,27
outcome,13
nation,9
enable,9
place,3
capture,3
traits,1
evolving,3
attitudes,1
value,21
regarding,12
assessed,1
considered,8
aim,19
enlighten,1
stakeholders,5
csf,6
iass,6
integrating,5
robotics,7
prioritization,3
hierarchy,1
expert,8
minimum,2
experience,4
theory,6
theoretical,6
lens,2
interpretative,1
structure,10
tism,2
country,14
leverage,3
associated,4
societal,6
basic,3
collection,5
standardized,1
hardware,4
manpower,2
startup,1
culture,4
act,5
block,4
undertaking,1
implementing,4
clearcut,1
regulation,6
proper,4
functioning,1
function,9
properly,2
chances,1
working,3
level,19
considering,5
size,1
population,8
only,11
limitation,5
possibility,4
identified,6
hold,3
significance,2
understand,12
order,11
corresponding,2
kind,2
identification,7
further,14
significant,5
emerging,10
economy,9
multinational,1
enterprise,4
emnes,1
utility,2
capital,3
software,10
come,3
share,5
lessons,3
recruiting,1
engaging,1
participant,3
brave,3
randomized,1
controlled,1
trial,1
carried,4
northwest,1
portland,1
board,1
mhealth,1
lab,1
team,1
recruited,1
american,3
indianalaska,1
native,4
aian,12
teen,4
adults,4
nationwide,1
15–24,1
old,1
via,4
channel,3
text,8
message,8
enrolled,2
participate,3
month,2
received,3
weeks,2
designed,5
improve,11
helpseeking,1
cultural,13
pride,1
resilience;,1
math,2
stem,2
elevate,1
reaffirm,1
voices,1
medicine;,1
then,18
facebook,1
instagram,1
recruit,1
retention,1
completing,1
intervention,10
arms,2
adultserving,1
prevention,2
program,5
makers,10
researchers,10
educators,1
generation,5
change,13
[purposesignificance],1
feature,10
published,5
provinces,2
city,18
disseminate,2
refine,1
inform,6
[methodprocess],1
examined,3
artifi⁃,1
cial,1
content,3
discourse,4
[resultconclusion],1
revealed,2
similarity,4
difference,5
usually,1
own,5
geographical,1
characteristics,9
shortcomings,2
suggestion,3
refining,1
part,6
wellbeing,6
cornerstones,1
community,12
parents,1
psychiatric,1
loss,6
enormous,2
burden,4
suffering,1
children’s,1
ordinary,1
calculation,2
cost,3
daily,4
diaries,1
ddds,1
instant,2
reporting,1
become,11
powerful,4
intangible,2
namely,3
suffered,1
informal,1
caregiver,3
pilot,1
test,4
validity,3
accurate,5
consistent,2
obtained,4
survey,5
datagathering,1
affordable,2
prompt,2
costeffective,1
policyoriented,1
besides,4
conjunction,3
professional,4
face,8
brain–computer,1
bci,10
promising,6
domain,4
brain,1
interpreted,1
invasive,1
noninvasive,1
monitoring,4
allowing,4
novel,15
therapeutic,2
disabilities,1
nonmedical,1
applications,24
ethical,12
academic,10
last,3
conclude,4
technology—including,1
commercial,7
ventures,1
seek,4
meld,1
ai—present,1
concern,18
topic,9
similar,2
prior,1
limited,5
sample,3
trend,8
debate,4
ethicists,2
ethics,8
warrant,1
psychological,3
additionally,4
question,12
yet,6
frequent,1
argue,8
addressed,4
guiding,2
grapple,1
explain,5
definition,4
early,13
childhood,2
subdivision,1
aspect,8
kindergarten,4
author,27
supplyside,1
starting,1
calculates,1
single,2
students,1
gap,10
teachers,3
strength,4
find,5
obvious,2
hangs,1
upside,1
down,2
private,6
public,48
earlychildhood,1
than,7
discuss,19
parentchild,1
park,1
childcare,1
service,34
preschool,1
informatization,1
+,1
draw,2
industrial,9
chart,3
profit,1
pattern,8
look,3
forward,2
direction,4
offer,7
department,6
scalefree,4
prone,1
researches,1
characterize,2
defense,3
perspective,15
achieving,2
equilibrium,3
way,11
achieve,7
train,2
guide,6
ability,7
inspired,2
fact,3
aiaided,1
response,5
oracle,2
psro,1
abstract,1
confrontation,2
agent,16
acting,1
attacker,2
defender,3
convolutional,2
cnn,4
qnetwork,1
dqn,1
extract,2
tensor,1
tackle,3
against,8
carefully,1
combining,1
weight,3
connectivity,2
parameters,3
delay,2
intrusions,1
balance,4
protecting,1
highweight,1
keeping,3
thinking,3
increasingly,7
attracted,1
attention,6
producing,2
wicked,2
promise,5
great,3
creating,3
responsive,2
specifically,6
administration,3
current,19
systematic,6
especially,10
context,6
recognizing,1
technological,5
advancement,5
outline,3
analyzing,8
top,3
keywords,2
articles,6
collected,4
web,2
database,6
scientometric,1
reveal,5
loose,1
remain,7
stage,6
combination,2
humancentered,1
insight,8
brought,2
shown,4
workshops,1
reinvigorate,1
notion,2
peoplecentered,2
commitments,1
relevance,1
rigor,2
—the,2
kingdom,2
saudi,3
arabia,2
enhancing,2
massive,3
recently,2
summit,1
sdaia,1
neom,1
launched,1
align,2
vision,8
open,4
wide,1
door,1
opportunity,5
narrow,1
skillset,2
introduction,6
aibased,14
facilitate,4
decisionmaker,2
tracking,3
optimizing,2
rendered,1
customer,9
business,15
importance,3
archiving,1
metadata,2
contain,3
chatbot,17
synthetic,1
employed,3
testbed,2
able,6
build,4
mechanism,7
retrieve,2
include,8
efficient,3
extraction,2
management,17
explanation,2
intelligencebased,1
becoming,3
essential,3
meet,2
standard,6
operate,1
transparent,3
understandable,1
explainable,2
manner,3
emerge,2
describing,3
explainability,3
full,1
view,6
required,7
risk,16
dealing,2
introduce,5
picture,1
needed,5
decisionoriented,1
illustrate,2
contribution,9
provenance,3
graphbased,2
proposes,3
sixws,1
securityaware,2
basis,7
providing,9
endusers,1
sufficient,2
metainformation,1
scenario,6
presented,9
provoke,1
commentary,1
perform,2
task,15
typically,1
requiring,1
currently,3
recognized,3
broader,1
radar,1
wideranging,1
alike,2
medical,11
imaging,6
phase,1
still,8
hurdles,2
user,20
confidence,1
adoption,5
narrative,2
overview,3
distributed,3
statistical,5
computeraided,1
diagnosis,1
automated,7
oncological,1
hybrid,4
respect,1
clinical,4
contouring,1
segmentation,5
prediction,11
histology,1
tumor,1
mutational,1
status,12
therapies,1
treatment,4
particularly,5
briefly,1
described,1
according,3
lung,1
cancer—being,1
extensively,2
malignancy,1
studied,2
imaging—has,1
illustrative,1
validation,4
datasharing,1
educational,9
workflow,2
protocols,1
eventually,1
resulting,3
timeconsuming,2
automatized,1
machine,26
permit,1
sophisticated,2
disease,9
characterization,1
integration,5
multipleomics,1
derived,2
pathology,1
genomic,1
proteomics,1
demographic,4
multidimensional,2
featuring,1
accelerate,3
transition,6
practice,14
plan,5
civil,3
directed,2
mindset,1
allow,4
talents,1
thrive,1
necessary,4
optimize,3
vaccination,2
contact,1
minimally,4
constrained,1
bound,2
preconceived,1
biases,7
outside,1
box,2
strategies;,2
capable,2
instructed,1
consider,2
political,8
discrimination,2
result,9
acknowledge,1
arise,2
consequence,6
categorize,1
normative,2
surrounding,2
addressing,3
background,3
rising,3
popularity,2
capability,4
fighting,1
sarscov2,1
coronavirus,2
objective,9
combating,3
scoping,2
peerreviewed,2
guided,1
arksey,1
omalley,1
pubmedmedline,1
google,3
scholar,6
searched,2
period,6
january,2
september,1
covid*,1
covid,1
synonyms,1
checked,1
screened,1
thematically,1
analyzed,2
initially,1
eligible,1
inclusion,5
architecture,15
n=6,1
common,7
empirical,8
disseminating,1
knowledge;,1
selftriage,1
personal,2
assessment;,1
exposure,3
notifications;,1
symptoms,1
aspects;,1
misinformation,4
fake,1
accomplish,1
following,3
ask,3
answer,4
questions;,1
create,8
records,2
history,4
use;,1
complete,2
reports;,1
simple,2
nonetheless,1
pose,2
consumer,19
acceptability,1
technical,7
usability,1
combat,1
infancy,2
gain,2
understanding,15
technologys,1
continuous,3
functionalities,1
usefulness,2
fight,1
psychology,1
cognitive,13
express,1
computational,3
modeling,3
easy,1
artificialintelligence,1
genetic,3
programming,2
semiautomatically,1
establish,2
whether,10
recovered,1
evolves,1
accounting,1
central,6
distribution,2
reaction,2
time,17
twoalternative,1
forcedchoice,1
generated,2
psychologically,1
plausible,1
extent,2
correctly,2
true,2
generating,2
virtually,1
infinite,1
regardless,1
complexity,6
discovery,4
increasing,12
marketing,1
banking,1
finance,7
agriculture,3
exploration,2
transport,1
creativity,1
manufacturing,7
closely,1
relate,2
urban,18
trending,1
areas—or,1
concepts—in,1
similarly,1
knowledge,12
perceive,2
advance,3
relationship,5
=,4
end,3
examine,5
perceived,4
australian,1
territories,1
methodological,1
employ,4
analytic,12
conduct,4
analyse,4
locationbased,1
twitter,1
australia,1
disclose,1
transformation,5
sustainability,8
development;,1
drone,2
automation,6
and;,1
technologies—such,1
robotics—is,1
buy,2
abandons,1
nonlife,1
insurance,11
coverage,9
consists,1
applying,5
clustering,1
shapley,1
xgboost,1
predictive,4
classification,3
embedded,2
technologicallybased,1
insurtech,2
real,4
contribute,5
customers’,1
thereby,2
gaining,2
proactive,2
prove,1
purchases,1
micropolicies,1
investigated,1
propensity,1
churn,2
effectively,6
quickly,1
grouped,1
predict,9
buying,1
behaviour,1
evolved,1
ubiquitous,1
indispensable,1
communicate,3
offering,3
replete,1
adaptive,3
primarily,1
maximize,3
sustain,1
users’,1
monetize,1
landscape,6
multiple,5
negative,3
decline,2
autonomy,5
incivility,1
conversation,1
facilitation,1
extremism,1
spread,6
disinformation,1
benevolent,2
architects,1
regulators,1
curb,1
worst,1
excesses,1
manipulative,3
advantage,3
imbalance,1
empower,1
control,19
boosting,2
literacy,3
resistance,1
manipulation,3
conceptual,4
map,6
begin,2
systematically,3
outlining,1
offline,1
differ,2
inextricable,1
encounter,2
persuasive,1
aiassisted,2
false,2
misleading,1
distracting,1
turn,2
counteract,1
world,10
distinguishing,1
behavioral,3
interventions—nudges,1
technocognition,1
boosts—we,1
boosts,1
people’s,1
agency,3
selfnudging,1
deliberate,1
ignorance,1
competencies,2
reasoning,1
resilience,3
aid,3
inoculation,1
foster,2
civility,1
protect,3
reason,2
attentiongrabbing,1
greenness,7
vital,3
role,12
supporting,5
dynamic,8
driving,5
force,2
valuable,2
solid,1
investigate,5
indices,4
geographically,1
weighted,1
regression,3
gwr,3
spatially,2
varied,3
environmental,5
typical,1
percentage,1
pland,1
aggregation,1
index,4
measure,11
abundance,1
fragmentation,3
metropolis,1
wuhan,1
china,4
selected,3
timeseries,1
extracted,3
annual,1
step,6
landsat,1
earth,2
engine,7
during,3
2000–2018,1
decreased,1
significantly,6
tended,1
fragmented,3
road,1
density,1
normalized,1
builtup,1
ndbi,1
terrain,1
elevation,1
slope,1
precipitation,1
found,8
correlate,1
locationspecific,1
emergence,6
coevolution,1
convergence,3
s&t,2
competitive,1
managers,7
others,2
publication,5
scholarly,1
metrics,3
visualizations,2
validated,1
exemplify,1
nsf,1
awards,1
topical,1
ucsd,1
coauthor,1
datadriven,5
priorities;,1
investment,5
performing,3
assessment,2
examination,1
oversight,5
controlling,1
algorithmic,5
legal,10
advocated,1
reliance,1
law,5
attractive,1
implementable,1
observable,1
procedural,2
safeguard,1
inherent,2
danger,1
itself,4
empty,1
shell,1
standin,1
justification,1
algorithmization,2
failing,2
protection,7
fundamental,1
right,6
complementing,1
sociolegal,2
humancomputer,1
loop,1
element,6
core,4
visible,1
conceptualises,1
personalises,1
decisionmaker’s,1
discretionary,1
power,14
proportionality,1
sense,1
gross,1
miscarriages,1
justice,1
deemed,1
feeling,1
heard,1
meaningfulness,1
tend,2
safer,1
manage,4
mobility,1
philosophical,1
instead,2
critically,2
appraising,1
subjectivity,2
humanmachine,1
shifting,1
changing,6
20th,2
century,3
safety,7
automation—be,1
airplane,1
automobilehave,1
sought,1
erase,1
errorprone,1
inefficient;,1
compensate,1
limits,1
human;,1
mould,1
complementary,1
irony,2
automation’,1
tension,3
therein;,1
superior,2
actually,2
operator,6
ensure,8
effectively;,1
inevitably,1
held,2
accountable,1
error,3
simultaneously,2
robot’,1
automobile,1
infrastructural,1
beliefs,2
dissolving,1
crashes,1
cannot,3
intervene,1
underlying,2
avs,2
freedom’,1
body,5
threaded,1
surveilled,1
reshaped,1
flow,3
socioeconomic,1
fixed,1
attribute,4
fitting,1
drawing,2
postphenomenological,1
embodiment,1
instrumentation,1
excerpts,1
fieldwork,1
rethinking,1
relationalities,1
constitute,3
humanity,1
scarce,1
absent,1
radiology,5
impede,1
resourcepoor,4
institution,14
local,4
equipment,1
personnel,5
expertise,2
datarights,1
trustworthiness,1
lowresource,1
settings,2
hampered,1
insufficient,1
diversity,1
nontransparent,1
participation,4
production,6
radaid,3
threepronged,1
integrated,3
implementation,6
phased,2
morethanadecade,1
nonprofit,1
united,3
low,8
middleincome,1
component,8
synergistically,1
foundation,2
care,14
disparities,1
augmented,2
radiologic,1
networking,2
incorporating,2
developments,6
delivers,1
testing,4
scaling,1
collaboration,24
enhance,5
adhere,1
integrity,3
equality,1
clear,5
systemic,2
trading,4
examining,1
discerns,1
peertopeer,1
second,8
advice,2
roboadvisers,1
close,3
advisory,1
regime,3
adequate,3
regard,3
third,2
regtech,1
streamline,1
compliance,1
competition,1
conflict,3
transparency,14
serve,2
guidance,1
beneficial,3
mitigating,2
automateddecision,1
adm,4
rise,3
selflearned,1
call,3
echoed,1
circles,1
fulfill,2
struggle,1
realized,1
concrete,1
indeed,1
ideal,2
translation,1
concerning,3
principle,9
nine,1
informational,1
stakeholdersensitive,1
consideration,5
stepbystep,1
exante,1
afterthought,1
called,4
vulnerability,1
vipar,4
score,6
rare,1
shooting,8
victimizations,2
likewise,1
focused,6
deterrence,4
vulnerable,2
certain,2
outreach,1
violence,2
victim,4
merit,1
usage,1
criminology,1
construct,3
compare,2
criminological,1
age,3
past,5
criminal,1
peer,2
predictors,1
graph,2
variable,4
logistic,2
verify,1
selection,6
analytical,1
involvement,5
suspects,2
outperform,3
predicting,1
fatal,1
nonfatal,1
presumption,1
innocence,1
nudge,13
steer,1
options,3
dark,8
sludge,8
alcohol,11
corporate,2
responsibility,2
csr,4
undermine,3
harms,6
normalize,1
encourage,2
consumption,3
aware,2
exploit,3
thought,1
harmful,2
exploiting,2
gamblers’,1
termed,3
harder,1
ai–funded,1
mitigation,1
iard,1
drinkaware,1
drinkwise,1
éducalcool;,1
coded,1
independent,5
raters,1
categorized,1
appear,3
responsible,3
drinking,2
norming,1
telling,1
priming,1
drinkers,1
verbal,1
pictorial,1
cues,1
drink,1
appearing,1
warn,1
fonts,1
colors,1
layouts,1
healthrelated,2
nudgetype,1
underlie,1
mixed,3
alternative,2
causation,1
arguments,1
nonalcohol,1
cause,2
conclusions,3
consumers’,1
evidence,3
revised,1
typology,2
literary,1
corpus,1
construction,1
sbm,7
quantitative,1
rapid,8
branch,2
sdgs,4
outlined,2
agenda,4
kms,3
drift,2
light,3
containing,2
english,2
date,2
bibliometric,3
linked,1
sdg12,3
ais,1
association,1
iii,2
managerial,5
represent,1
deliberation,7
risen,1
noted,1
greater,2
historically,1
marginalized,1
indigenous,1
fit,1
alaska,1
accounts,5
note,4
overlap,1
synergy,1
reading,1
historical,4
ethnographic,1
contexts—the,1
iroquois,1
confederation,1
peace,1
19th,1
ojibwa,1
village,2
santa,2
clara,2
pueblo,1
pre19th,1
yup’ik,1
century—and,1
contemporary,2
pueblo’s,1
constitution,1
reorganization,1
deliberative,2
democracy—from,1
robert,1
dahl,1
john,1
gastil—to,1
congruent,1
variation,2
tribal,3
respectful,1
equal,1
partially,2
range,1
included,4
tribes,2
wary,1
overgeneralizing,1
estimated,1
accessibility,2
active,3
yielding,2
operational,6
predictable,1
phenomenon,2
food,5
driven,2
stateoftheart,2
assist,4
farmers,3
demand,6
agtech,1
feed,1
tosses,1
farming,1
substantial,1
fourth,3
revolution,5
[40,1
ir],1
mobile,3
edge,10
mec,1
missioncritical,1
vehicular,4
collaborative,5
reduce,4
latency,3
partition,1
scheduling,1
tpsa,1
decide,1
workload,2
allocation,1
schedule,1
execution,3
offloaded,1
server,2
computation,1
offloading,3
delivery,1
markov,3
deterministic,4
gradient,5
transportation,2
failure,2
penalty,1
minimized,1
assignment,1
outstanding,2
prisma,1
nutrition,5
subsequent,1
dietary,2
adherence,2
indianalaskan,1
youth,4
december,1
pubmed,1
cinahl,1
cochrane,1
psychinfo,1
4point,1
criterion,1
established,5
checklist,1
assess,2
incorporated,1
adaptations,1
storytelling,1
communitybased,1
participatory,3
cooking,1
partnership,1
slightly,1
positive,3
direct,1
obesity,1
noncommunicable,1
effort,4
prominent,3
live,4
followed,4
suit,1
previous,3
drive,3
studying,1
portrayed,1
ramifications,1
expands,1
upon,1
categorizing,1
portrayal,1
fairly,1
realistic,2
shallow,1
multifaceted,1
handling,1
correct,1
sheets,1
statements,1
trusted,2
webpages,1
biomarker,2
mild,1
impairment,1
mci,3
alzheimer’s,1
dementia,1
earliest,1
linguistic,1
markers,2
word,1
utterance,1
sentence,3
potentially,2
preclinical,2
dialogue,3
aienabled,2
distinguish,1
normal,1
questioning,1
user’s,1
individualized,1
conversational,4
per,2
scale,2
favorably,1
additional,1
avenue,2
largescale,4
screening,1
neurocognitive,1
longitudinal,1
aging,1
outpatient,1
modern,2
grid,6
grand,1
intermittent,1
uncertain,1
renewable,3
loads,1
dimension,3
nonlinearity,3
realize,1
dispatch,2
transform,3
measurement,2
subsecond,2
feasibility,2
mind,1
voltage,2
line,1
formulate,1
deepqnetwork,1
effectiveness,6
extensive,4
side,3
powering,1
globally,2
comprehend,1
incorporate,2
scope,3
goes,2
beyond,2
far,1
follows,1
citizencentric,1
accessible,2
citizen,7
alleged,1
russian,1
bots,2
interference,1
elections,1
avoid,2
wrong,2
govern,1
deployment,2
cars,1
legislative,1
respond,2
military,2
race,1
productivity,1
upcoming,1
unemployment,3
comprehensively,1
book,1
deal,3
transformed,2
deepmind,1
epitomizes,1
visual,2
sorts,1
obstinate,1
chapter,7
started,2
general,3
mdp,1
clarified,1
stochastic,1
descent,1
sgdbased,1
optimizers,1
adam,1
nonspecific,1
multipolicy,1
multiobjective,1
comparison,3
copyright,1
integrate,1
series,2
unsupervised,1
unlock,1
deeper,1
execute,2
highlevel,3
art,1
realm,1
eventual,1
leave,2
readers,1
socalled,3
digitalization,1
interconnectedness,1
plethora,1
emergent,1
ledgers,1
dlt,1
undoubtedly,1
exciting,2
defining,2
optimum,1
struck,1
ensuring,3
proindustrial,1
innovationfriendly,1
guaranteeing,1
consumerfocused,1
standardization,3
leveraged,1
interventionary,1
strike,1
wellproven,1
bottomup,1
industryled,1
voluntary,1
analyze,8
readiness,1
focusing,1
standardssetting,1
legitimacy,7
european,2
union,2
resolve,2
crises,5
threatens,1
stability,1
whole,1
sound,2
pressing,1
forecasting,1
evaluating,1
throughput,2
output,7
distinct,1
arrangements,2
politicians;,1
systems;,1
hydm,2
politicians,1
together,1
preregistered,1
observed,3
quo,1
respondents,1
sole,1
illegitimate,1
policymaking,3
proceedings,1
papers,4
socioethical,1
aigenerated,2
content;,1
policies;,1
affordances,1
affordances;,1
learningbased,1
cocoa,1
ehealth,1
system;,1
implications;,1
censorship,1
foreign,4
consoles,1
china;,1
secure,2
standards;,1
baltic,1
sea,1
region,5
crossborder,1
registration,1
service;,1
situated,1
teaching,1
transformations;,1
surveillance,3
capitalism,1
technoeconomic,1
paradigm;,1
pandemic;,1
nextgeneration,1
television,1
broadcasting,1
copenhagen,1
huge,1
interconnected,1
discipline,3
broken,1
procurement,1
compensation,3
maintenance,1
intricate,1
reality,5
relatively,1
characterized,1
constant,1
compatibility,1
legacy,1
outdated,1
office,7
accomodating,1
flexible,1
managing,2
lots,1
sensitive,1
employee,3
bridging,1
transfer,2
basing,1
recruitment,1
constantly,2
establishing,3
replacement,2
destressing,1
maintaining,1
worklife,1
fast,5
array,2
distinctive,1
mainly,2
tactical,1
highest,5
strategiclevel,1
serious,2
repeatedly,3
recessions,1
applicability,2
exploitation,3
dataoriented,1
allrelevant,3
firms,6
external,4
affect,3
negatively,2
crisis,7
greek,2
firms’,2
2009–2014,1
led,4
interesting,2
revealing,1
affecting,1
sales,1
revenue,4
researched,1
boruta,1
exploited,2
strongly,2
hit,1
useful,4
them;,1
cope,1
promoting,1
reducing,3
poverty,2
exclusion,1
develops,1
threatening,1
disruption,2
decade,2
undergone,1
served,1
apart,1
formed,1
fusion,1
europe,1
ingenuity,1
london,1
amsterdam,1
vienna,1
stockholm,1
emphasis,2
continuously,1
shaping,3
paradigm,1
quantum,1
negotiation,2
international,10
computerized,2
learners,1
diplomatic,1
aiir,1
chaining,1
adopting,1
rational,1
remarkable,2
growth,6
southeast,1
asia,3
interested,1
promptly,1
thai,2
tpmap,2
official,2
alleviate,1
acquire,1
nontechnical,2
programmer,1
scientist,2
query,9
inaccurate,1
retrieved,1
miscommunication,1
selfservice,1
simply,2
fetch,1
easytouse,1
formats,2
statistics,2
representations,1
entity,7
intentions,1
rasa,1
opensource,2
yield,3
flscore,1
intent,2
endtoend,2
depending,2
returned,1
messaging,1
disrupting,1
insurers,1
worldwide,3
automatize,1
underwriting,1
claims,1
competitors,1
ann,1
responding,1
lifestyles,1
personalization,2
disrupt,1
chosen,1
publically,1
available,3
encompass,1
premiums,1
appropriate,3
accrual,1
optimization,5
shared,2
know,2
wellknown,1
matlab,1
r2019a,1
achieved,3
9fold,1
crossvalidation,1
gossip,2
analogous,1
pernicious,1
egregious,1
complacency,1
realizing,1
damaging,1
seriousness,1
encouraged,1
dignity,1
biometric,2
inclusive,3
deny,2
deem,1
truthtelling,1
around,6
responsibly,2
innovate,1
anticipatory,1
fabrication,1
molded,1
bridges,1
collective,6
oftentimes,1
assume,2
innovated,1
reconsider,1
undesirable,1
discover,1
wrongfully,1
structuring,1
theoretically,1
archaic,1
bring,3
aipersonnelmanagement,1
constraint,3
tables,1
clarify,1
helped,2
titled,1
apm,5
unfolds,1
comprise,2
organizational,2
employees’,1
staff,1
turnover,1
ai’s,3
likely,3
informative,1
responded,1
malik,1
2019’s,1
absence,1
importantly,1
ai–management,1
offered,1
mhapps,5
programmed,4
anxiety,1
depression,1
tempered,1
apps,1
efficacy,1
utilizing,2
informatics,1
covering,2
january–april,1
borrowed,1
pairing,2
combined,1
expanding,1
continued,2
person,2
forum,3
track,1
moods,1
therapist,1
clinician,1
ultimately,2
must,5
regulated,1
technofundamentalism,1
adds,1
small,1
fintech,4
fmai,4
producers,2
employer,5
satisfaction,3
saves,1
minimize,2
trips,2
unpleasant,1
nicely,1
settling,1
focal,1
desert,1
perhaps,1
latest,1
blends,1
gait,2
quadruped,3
robot,7
hot,2
poor,1
ddpg,4
valuebased,1
epoch,1
approximation,1
reached,1
bad,2
abovementioned,1
double,1
qlearning,1
select,1
smaller,1
update,7
gym,1
experimental,3
verification,1
proved,1
primary,1
phs,2
preventive,3
mortality,1
reduced,3
diagnosed,1
cardio,1
vascular,1
cvd,2
multilayer,1
perceptron,1
suited,1
depend,4
usual,1
post,1
stock,1
price,4
favourite,1
mathematics,1
volatile,1
challenging,4
mostly,2
investors,1
disaster,2
forwarded,1
mathematical,1
probability,5
simplify,1
advent,2
simplified,1
influential,1
ruling,1
volatility,1
linear,1
proceduresour,1
precisely,1
special,2
rnn,2
improvising,1
propagation,1
feedback,2
routine,2
overcome,2
shortterm,1
involved,1
lstm,2
applicationsour,1
emphasizes,1
extreme,1
larger,1
minimal,1
fluctuating,1
blockchain,10
exponentially,1
enhancement,1
logic,1
relief,1
obligation,1
party,1
disruptive,1
immutability,1
converge,1
elaborates,1
contract,4
inside,1
ethereum,1
interact,1
introduced,4
organisations,1
justified,1
flexibly,1
adjust,3
supply,2
electricity,2
produced,2
microinstallations,2
res,2
dynamically,3
nature,1
learningof,1
vpp,1
indicated,1
utilisation,1
generators,2
determining,1
balancing,1
defined,1
logical,1
functional,1
presentation,1
plant,1
sippm,1
laboratory,3
grown,2
intensified,1
across,4
freedom,1
adaptability,1
written,1
idea,4
throughout,1
moving,2
highquality,1
esd,1
preserve,1
equity,1
reinvent,1
rework,1
polish,1
graduates’,1
presence,1
pros,1
cons,1
carving,1
linkage,1
higher,3
greatly,2
subsequently,2
supplemented,1
frequently,2
accept,1
low;,1
resolved,1
icbm,2
rapidly,1
variety,1
convert,1
platform’s,1
conditions,2
investigating,1
domestic,4
abroad,1
conducting,1
thesis,1
spreading,1
pollution,4
availability,2
clean,6
water,11
living,1
handled,1
soon,2
heavy,5
metal,5
surface,4
sediment,4
caused,1
showed,3
bireuen,3
regency,1
compared,4
lhokseumawe,3
aceh,2
utara,1
meanwhile,2
contained,2
recorded,1
north,1
contaminated,1
mgl,2
net,1
20bj,1
patent,7
granted,2
invention,4
dabus,1
inventor,3
dismissed,1
formal,1
intellectual,1
substantive,1
trademark,1
relied,1
statutory,1
consensus,1
ensue,1
accepted,2
doctrinal,1
patentability,3
designate,1
merely,1
facilitated,1
inventive,2
grant,2
ownership,2
operating,1
owning,1
medicine,4
claimed,1
determinant,1
successful,1
pivotal,2
expertinformed,1
guidelines,5
trustworthy,2
little,2
realization,1
just,1
foremost,1
wellgrounded,1
acceptance,1
jurisdictions,5
japan,1
placed,1
commission,2
april,1
white,1
february,1
reflected,1
overlapping,1
alreadyexisting,1
legislation,1
ephemeral,1
pointing,1
temporal,1
discrepancy,1
multidisciplinary,2
datadependent,1
widespread,2
superhuman,1
ancient,1
packages,1
alphago,1
shifted,1
komi,1
deepen,1
raw,1
intrinsic,1
define,2
finegrained,1
movebymove,1
detecting,1
cheating,1
resulted,1
exponential,1
airobots,9
argued,1
replace,1
accordingly,1
raised,2
trigger,1
tax,9
accrue,1
start,1
truly,1
humankind,1
witnessed,1
disappear,1
purely,1
employmentfocused,1
inconclusive,1
assuming,1
probable,2
summarize,1
taxing,1
commonly,2
applicable,1
electronic,1
commerce,1
ottawa,1
taxation,1
proposal,4
independently,1
taxable,1
income,1
owners,2
breach,1
neutrality;,1
simplicity,1
certainty;,1
efficiency;,1
fairness;,1
flexibility,1
pursued,1
contrary,1
incentives,1
reactive,1
disappearing,1
declining,2
raise,1
funds,2
earmarked,1
programmes,1
reskill,1
workers,1
stake,1
fiscal,1
redistribution,1
multilateral,1
surrender,1
recipient,1
latter,1
broadly,1
planetary,1
manual,1
touch,1
dependence,1
computerbased,1
something,1
instructions,1
free,1
will;,1
asset,2
qualify,1
qualified,1
unsettled,1
elucidates,1
juristic,1
illustrations,1
circumstances,1
difficulty,2
faced,1
creators,1
inventorship,1
nonobviousness,1
matter,1
creation,3
astonishing,1
absolute,1
super,1
planners,1
globe,1
ultraelastic,2
stack,2
suessa,2
prevailing,2
augmentation,1
endpoint,1
robust,3
surpasses,1
elastic,1
kibana,1
logstash,1
disadvantages,2
demanded,1
pushed,1
remote,1
site,7
footprint,4
deployed,1
updated,1
consumes,1
install,1
allowed,1
staleness,1
inflate,1
interrupt,1
idle,1
processors,1
entering,1
powersaving,1
modes,1
energyefficient,1
guards,1
worstcase,1
randomwalk,1
trace,2
benchmarks,1
powered,1
inference,1
exposition,1
allintelligent,1
semantic,2
description,2
networked,1
descriptors,1
interoperability,1
vocabularies,1
ontologies,1
deploy,2
autonomously,1
once,1
onboarded,1
onboarding,1
updating,1
dependencies,1
decoupling,1
today,2
span,1
boundaries,1
happen,3
hoc,1
visibility,2
accessing,1
sharing,3
desire,1
entire,1
pipeline,2
lineage,2
decentralized,1
immutable,1
store,1
performed,2
enforce,2
authenticity,1
auditability,1
specified,1
hierarchical,1
composite,1
uniquely,1
lightweight,1
transactions,1
lower,1
routing,6
fluctuation,2
spatialtemporal,1
trafficin,1
softwaredefined,1
sdn,1
automatic,4
attentionin,1
smartpath,1
drlwith,1
trafficexperiment,1
scheme,2
traffic,1
average,1
transmission,1
stateofart,1
penetration,1
observing,1
profiles,1
alternating,1
opf,2
imitation,1
proximal,1
stable,1
procedures,1
ieee,1
14bus,1
illinois,1
200bus,1
crossroads,1
centralised,3
trade,2
centralising,1
speak,2
centralisation,1
slow,1
brittle,1
deter,1
shopping,2
coordination,1
selforganise,1
sum,1
tradeoffs,2
now,2
exact,1
welldesigned,1
coherent,1
lockingin,1
inadequate,2
fate,1
worse,1
persist,1
monitored,1
see,1
selforganising,1
asian,2
hightech,2
informationdriven,1
removal,1
barriers,1
transforming,1
countrylevel,1
smiling,1
curve,1
takeaway,1
revamping,1
entrepreneurship,1
prompted,1
pandemic,2
inappropriate,1
lane,1
cav,4
accidents,1
rearend,1
collision,2
remedy,1
blockchainbased,1
bcl,1
lanechanging,3
inefficiency,1
incentivize,1
privileged,1
validate,1
robustness,1
strand,1
proportions,1
mitigate,2
strict,1
lockdown,1
milder,1
rely,1
distance,2
visualizing,2
distancing,3
immersive,1
resembles,1
derby,1
populate,1
meters,1
twofold,1
twin,1
navigate,1
whilst,1
receiving,1
proximity,1
sodalvr,1
stands,1
slippery,1
politicized,1
mythologized,1
heroic,1
accord,1
ambitions;,1
utopian,1
stating,1
favorably;,1
solutionist,1
expectations,1
textual,1
hofstedes,1
crossnational,1
manuscript,1
openness,3
nordic,5
hidden,1
extend,2
authoring,1
upholds,1
reinforcing,1
themselves,1
organizing,2
showing,1
lakes,1
upheld,1
themes,1
democracy,1
leaders,2
lacking,2
alienating,1
meant,1
formulating,2
agricultural,3
repositories,1
agentbased,1
cellular,1
automata,1
secondly,1
land,1
concluded,1
germany,1
factory,9
korea,3
expanded,1
detail,1
resourcebased,1
rbv,1
constructs—manufacturing,1
performance—using,1
semifinished,1
finished,1
inspection,1
forecast,1
smes,1
securing,1
facility,1
ranked,1
utilization,1
lastly,1
defect,1
partnered,1
unprecedented,1
fastest,1
hpc,1
leadership,1
atscale,1
viruss,1
wos,1
cooperative,1
france,1
spain,1
vietnam,2
arab,1
emirates,1
degree,1
reflect,2
iran,1
canada,1
chinese,2
academy,1
sciences,1
connecting,1
institutional,1
viewed,1
equally,1
fill,1
shortage,1
longest,1
leading,1
coinfection,3
birds’,1
upper,1
respiratory,1
tract,1
avian,3
pathogens,1
influenza,2
newcastle,1
bird,8
nigerian,1
pathogenic,1
hpai,1
modified,1
stamping,1
virus,6
resurged,1
infectivity,1
crosssectional,1
sampling,1
apparently,2
healthy,2
wild,5
habitats,1
poultry,2
farms,2
lbm,3
cloacal,1
tracheal,1
swabs,1
h5,2
reverse,1
transcriptase,1
polymerase,1
rtpcr,1
equivalence,1
chicken,1
crown,1
crane,1
balearica,1
regulorum,1
occurred,1
detected,1
resurge,1
virulence,1
foreseen,1
instituting,1
regret,1
remaining,1
probabilistic,1
causal,2
representing,1
unpredictable,3
necessarily,1
determined,2
inherently,1
unanswerable,1
undecidable,1
realistically,1
openworld,4
uncertainties,3
swarms,1
controllers,1
host,1
aimachine,1
undecidability,1
enabling,1
safely,1
reasonably,1
efficiently,1
near,1
formulation,1
novelty,1
realworld,1
burgeoning,1
interpretation,1
subtle,1
tissue,1
internal,1
auditory,1
canal,1
iac,10
nerve,11
detect,2
segment,4
facial,1
cochlear,1
inferior,1
vestibular,2
mask,3
rcnn,3
unet,3
backbone,1
resnet50,2
backgroundbased,1
localization,5
produce,1
actual,1
bounding,1
experimented,1
children,1
intersection,1
iou,2
dice,2
coefficient,2
resnet101,1
pso,1
scored,1
radiologists,1
gerontechnology,3
4pmedicine,1
personalized,1
elderly,4
commentators,1
concerned,1
conceptualization,2
4drisks,1
depersonalization,1
algorithmbased,1
minority,1
generalization,1
dehumanization,1
automatization,1
disciplination,1
4dmodel,1
patientcentered,1
actualize,1
4pperspective,1
4dscenario,1
joint,1
engineers,1
pesticide,16
late,1
1990s,1
2000s,1
upward,1
hotspots,1
apple,2
rice,3
vegetable,4
cotton,2
growers,1
temperate,1
kashmir,3
valley,2
subtropical,1
jammu,3
punjab,2
prophylactic,1
crop,2
guzzler,1
[252,1
ingredient,1
aiha],1
riskiest,1
carcinogen,2
aiha,1
quotient,1
feiq,2
6204ha,1
hottest,1
spot,1
cultivation,1
subtropics,1
banned,1
monocrotophos,1
herbicides,1
protective,1
mixing,1
primitive,1
localized,1
mildmoderate,1
poisoning,1
consciousness,1
underreported,1
unreliable,1
nor,1
frequency,1
alone,1
hazardous,2
hotspots;,1
ease,1
lengthy,2
nested,3
ner,2
tagging,1
etip,3
short,1
phrase,3
long,1
clause,2
filtering,2
recognize,1
constructed,1
sliding,2
window,2
softmax,1
concatenation,1
adjacent,1
voting,2
concatenated,1
proof,1
f1score,1
