affiliation_name,affiliation_country,citied_by
OpenAI,,4571
Deakin University,australia,1612
University of Chinese Academy of Sciences,china,1546
Jinling Institute of Technology,china,1114
Oxford Social Sciences Division,unitedkingdom,948
Tsinghua University,china,947
Saint Louis University School of Science and Engineering,unitedstates,880
Intel Corporation,unitedstates,768
College of Engineering,unitedstates,615
Othman Yeop Abdullah Graduate School of Business,malaysia,612
School of Engineering and Applied Science,unitedstates,601
Stanford Engineering,unitedstates,586
Dasman Diabetes Institute,kuwait,582
College of Engineering and Information Technology,unitedstates,520
Obuda University,hungary,503
Università degli Studi di Camerino,italy,498
Facebook Research,unitedstates,494
State Key Laboratory of Internet of Things for Smart City,macao,485
Copperbelt University,zambia,484
Tencent,china,476
University of Gour Banga,india,410
Birmingham City University,unitedkingdom,398
University of Reading,unitedkingdom,397
The Alan Turing Institute,unitedkingdom,394
Mailman School of Public Health,unitedstates,389
Radford University,unitedstates,385
Sun Yat-Sen University,china,379
Institute of Chinese Medical Sciences,macao,379
University Institute of Engineering and Technology,india,377
Beijing University of Posts and Telecommunications,china,371
Google LLC,unitedstates,360
University College London,unitedkingdom,349
Harvard T.H. Chan School of Public Health,unitedstates,345
Cornell Tech,unitedstates,332
University of Toronto,canada,331
State Grid Corporation of China,china,329
National University of Defense Technology China,china,328
William States Lee College of Engineering,unitedstates,322
Ton-Duc-Thang University,vietnam,321
Cullen College of Engineering,unitedstates,303
Key Laboratory of Road and Traffic Engineering of the State Ministry of Education,china,301
Northwestern Polytechnical University,china,295
University of Wisconsin-Madison,unitedstates,291
Simula Metropolitan Center for Digital Engineering,norway,288
NYU Tandon School of Engineering,unitedstates,287
Universidade Federal de Santa Maria,brazil,279
The University of Arizona College of Engineering,unitedstates,277
National Chiao Tung University,taiwan,277
Universidad de Valladolid,spain,270
Edward E. Whitacre Jr. College of Engineering,unitedstates,261
Griffith Health,australia,260
College of Engineering and Computer Science,unitedstates,256
School of Electrical and Computer Engineering,unitedstates,254
College of Computing and Informatics,unitedstates,246
Newcastle University,unitedkingdom,246
University of Johannesburg,southafrica,242
Wuhan University,china,242
University of Alberta,canada,241
Jain Family Institute,,238
Huazhong University of Science and Technology,china,236
Beijing Institute of Technology,china,233
Virginia Tech College of Engineering,unitedstates,231
"University of California, Berkeley",unitedstates,222
"Sri Venkateswara College of Engineering, Sriperumbudur",india,218
Carnegie Mellon University,unitedstates,213
The University of Hong Kong,hongkong,212
Duy Tan University,vietnam,210
Universidade Tecnológica Federal do Paraná,brazil,204
University of Florida,unitedstates,200
Universidad del Pais Vasco,spain,199
Southwest Petroleum University China,china,194
Leibniz-Zentrum für Agrarlandschaftsforschung (ZALF) e. V.,germany,193
Xidian University,china,193
Medizinische Universität Graz,austria,191
College of Engineering and Applied Science,unitedstates,190
Department of Computer Science,unitedstates,186
University of Melbourne,australia,186
Volvo Group,sweden,185
DeepMind Technologies Limited,unitedkingdom,182
Đại học Công nghệ Giao thông vận tải,vietnam,179
University of Southern California,unitedstates,179
School of Civil and Environmental Engineering,singapore,178
Academy of Scientific and Innovative Research (AcSIR),india,177
Dalian Maritime University,china,176
The University of Aizu,japan,174
Hanyang University ERICA Campus,southkorea,174
Coventry University,unitedkingdom,171
California State University San Marcos,unitedstates,169
Bucharest University of Economic Studies,romania,168
Singapore University of Technology and Design,singapore,167
College of Engineering and Applied Sciences,unitedstates,167
Nanjing University of Information Science &amp; Technology,china,163
South China University of Technology,china,160
University of Virginia School of Engineering and Applied Science,unitedstates,159
London School of Hygiene &amp; Tropical Medicine,unitedkingdom,159
International Hellenic University,greece,157
School of Computing and Information Systems,australia,156
Tech University of Korea,southkorea,150
École Polytechnique Fédérale de Lausanne,switzerland,149
Center for Spatial Data Science,unitedstates,147
Texas A&amp;M University at Qatar,qatar,142
Manipal University Jaipur,india,140
Business School of Sichuan University,china,139
Guangdong University of Technology,china,134
Govind Ballabh Pant Engineering College,india,133
MIT School of Engineering,unitedstates,133
Universiteit Gent,belgium,133
College of Computing,unitedstates,132
UCL Engineering,unitedkingdom,131
Nanjing University,china,130
Aalto University,finland,128
College of Engineering and Computing,unitedstates,128
Spears School of Business at Oklahoma State University,unitedstates,128
"The Chinese University of Hong Kong, Shenzhen",china,126
University of Patras,greece,126
UNSW Sydney,australia,126
"School of Chemistry, Chemical Engineering and Biotechnology",singapore,125
Universität Bonn,germany,125
Nanjing Hydraulic Research Institute,china,123
Beihang University,china,123
Institut Polytechnique de Paris,france,122
School of Communications and Information Engineering,china,122
Thapar Institute of Engineering &amp; Technology,india,122
"College of Electrical Engineering, Zhejiang University",china,122
Shanxi Institute of Energy,china,122
"College of Engineering, Architecture and Technology",unitedstates,121
Faculty of Computers and Artificial Intelligence,egypt,120
Tongji University,china,119
Università degli Studi di Foggia,italy,119
Nord Universitet,norway,118
Düzce Üniversitesi,turkey,117
University of Saskatchewan,canada,115
"National Agriculture and Food Research Organization, NARO",japan,115
Imperial College London,unitedkingdom,115
Chung-Ang University,southkorea,113
Ontario Tech University,canada,113
The University of Haripur,pakistan,113
Sustainable Energy Authority of Ireland,ireland,112
Technische Universität München,germany,112
Harbin Institute of Technology,china,110
University of Oxford,unitedkingdom,109
Chengdu University,china,109
University of Huddersfield,unitedkingdom,108
Cornell University,unitedstates,108
Mercator Research Institute on Global Commons and Climate Change,germany,108
"School of Earth Sciences, Zhejiang University",china,107
University of Illinois Urbana-Champaign,unitedstates,107
HSE University,russianfederation,106
University of Cambridge,unitedkingdom,106
Institute of Psychology Chinese Academy of Sciences,china,105
"Donaghey College of Science, Technology, Engineering, and Mathematics",unitedstates,105
Ho Chi Minh City University of Technology - HUTECH,vietnam,104
ByteDance Ltd.,china,103
Biodonostia Health Research Institute,spain,103
Xinjiang University,china,101
Cambridge Judge Business School,unitedkingdom,100
Chongqing University,china,99
Sumathi Reddy Institute of Technology for Women,india,99
Unité Info&amp;Sols,france,98
The Maharaja Sayajirao University of Baroda,india,98
University of Michigan Medical School,unitedstates,97
Stanford University School of Medicine,unitedstates,97
Democritus University of Thrace,greece,96
University of London,unitedkingdom,94
City University of Hong Kong,hongkong,93
"Institute of Geographic Sciences and Natural Resources Research, Chinese Academy of Sciences",china,92
ShanghaiTech University,china,92
"Faculty of Health, Medicine and Life Sciences",netherlands,92
The University of Texas at Austin,unitedstates,90
Babol Noshirvani University of Technology,iran,90
Rijksuniversiteit Groningen,netherlands,89
IMDEA Networks Institute,spain,88
The Grainger College of Engineering,unitedstates,88
Truth Initiative,unitedstates,87
Jahangirnagar University,bangladesh,87
ETH Zürich,switzerland,87
Sanming University,china,87
Peng Cheng Laboratory,china,86
Georgia Institute of Technology,unitedstates,86
Whiting School of Engineering,unitedstates,86
Università della Calabria,italy,85
USC Viterbi School of Engineering,unitedstates,84
Alibaba Group Holding Limited,china,83
Fundación Centro de los Bosques Nativos FORECOS,chile,82
Jeju National University,southkorea,81
Universität Basel,switzerland,81
Texas A&amp;M University,unitedstates,80
Hunan University,china,80
Vasil Levski National Military University,bulgaria,80
Vlerick Business School,belgium,79
Harvard Business School,unitedstates,78
Wageningen University &amp; Research,netherlands,78
King Fahd University of Petroleum and Minerals,saudiarabia,78
P.C. Rossin College of Engineering &amp; Applied Science,unitedstates,78
VCU College of Engineering,unitedstates,78
UCSF School of Medicine,unitedstates,77
Xi'an Jiaotong University,china,77
Argonne National Laboratory,unitedstates,76
Korea Advanced Institute of Science and Technology,southkorea,75
"Vuno, Inc.",southkorea,75
Indian Institute of Technology Kharagpur,india,74
Universitair Ziekenhuis Gent,belgium,74
Universidade do Porto,portugal,73
Skolkovo Institute of Science and Technology,russianfederation,73
Toronto Metropolitan University,canada,73
The Robotics Institute,unitedstates,73
Kyungpook National University (KNU),southkorea,72
New York University,unitedstates,72
U.S. Army Research Laboratory,unitedstates,72
University of Petroleum and Energy Studies,india,72
University of Ferrara,italy,71
Pingdingshan University,china,71
Max Planck Institute for Intelligent Systems,germany,70
Boston Consulting Group Inc.,unitedstates,70
Monash University,australia,68
University of Science and Technology (UST),southkorea,68
Tianjin University,china,67
East Delta University,bangladesh,67
The Second Hospital of Jilin University,china,67
"Department of Energy, Environment and Climate Action",australia,66
National Chi Nan University,taiwan,66
Dana-Farber Cancer Institute,unitedstates,66
Kent Business School,unitedkingdom,66
Wallace H. Coulter Department of Biomedical Engineering,unitedstates,66
Justus-Liebig-Universität Gießen,germany,64
Karlsruher Institut für Technologie,germany,64
Duke-NUS Medical School,singapore,63
Technische Universiteit Eindhoven,netherlands,63
College of Engineering and Architecture,unitedstates,63
"China University of Mining &amp; Technology, Beijing",china,62
Boston University,unitedstates,62
Villanova University College of Engineering,unitedstates,62
MIT Sloan School of Management,unitedstates,61
Sharda University,india,61
Cardiff Business School,unitedkingdom,61
Budapest University of Technology and Economics,hungary,61
"University of Maryland, College Park",unitedstates,60
Xi'an Jiaotong-Liverpool University,china,60
University of Electronic Science and Technology of China,china,60
Wuchang University of Technology,china,60
Aerospace Information Research Institute,china,59
University of Pennsylvania,unitedstates,59
Shandong University,china,59
"University of Michigan, Ann Arbor",unitedstates,59
IBM Research - Austin,unitedstates,59
The University of the West Indies,jamaica,58
Université Côte d'Azur,france,58
Università degli Studi di Padova,italy,57
Parthenope University of Naples,italy,56
RMIT University,australia,56
European Commission Joint Research Centre,belgium,56
Massachusetts Institute of Technology,unitedstates,56
Université Grenoble Alpes,france,56
Scripps Institution of Oceanography,unitedstates,56
Grammarly,,56
Novo Nordisk Foundation Center for Protein Research,denmark,55
National Taiwan University of Science and Technology,taiwan,54
"School of Computing and Communications, Lancaster University",unitedkingdom,54
Information Technology University,pakistan,54
Université de Bordeaux,france,54
Johns Hopkins University School of Medicine,unitedstates,54
McKelvey School of Engineering,unitedstates,54
Rutgers University–New Brunswick,unitedstates,54
JRN Rajasthan Vidyapeeth,india,53
Bundesamt für Strahlenschutz,germany,52
Columbia University,unitedstates,52
Sant'Anna Scuola Universitaria Superiore Pisa,italy,52
UW-Madison College of Engineering,unitedstates,52
Samsung R&amp;D Institute UK,unitedkingdom,52
Pace University,unitedstates,51
"Istituto di Geoscienze e Georisorse, Sezione di Pisa",italy,51
Wuhan University of Technology,china,51
Università degli Studi di Salerno,italy,49
"National Council for Scientific Research, Beirut",lebanon,49
Kathmandu University,nepal,49
Colegio Universitario de Estudios Financieros,spain,49
Cockrell School of Engineering,unitedstates,49
"National Institutes of Biomedical Innovation, Health and Nutrition",japan,49
Università di Parma,italy,49
Shenyang Institute of Automation Chinese Academy of Sciences,china,49
East China Normal University,china,49
Edith Cowan University,australia,48
British University in Dubai,unitedarabemirates,48
Bristol Business School,unitedkingdom,48
Lipscomb University,unitedstates,48
Institute of Steppe of the Ural Branch of the Russian Academy of Sciences,russianfederation,48
Khwaja Fareed University of Engineering &amp; Information Technology,pakistan,48
Islamic Azad University,iran,47
NA,na,47
University of New England Australia,australia,47
Robert R. McCormick School of Engineering and Applied Science,unitedstates,47
Silesian University of Technology,poland,47
Amity University Rajasthan,india,47
Linklaters LLP,unitedkingdom,46
The State Key Laboratory of Synthetical Automation for Process Industries,china,46
Universitas Diponegoro,indonesia,46
International University of Rabat,morocco,45
Hankuk University of Foreign Studies,southkorea,45
Western Sydney University,australia,45
Ducks Unlimited Canada,canada,45
Hajim School of Engineering and Applied Sciences,unitedstates,45
The University of Sydney,australia,45
University of Seoul,southkorea,45
AbbVie,unitedstates,45
St. Francis Xavier University,canada,44
Fraunhofer-Institut für Windenergiesysteme IWES,germany,44
University of Jyväskylä,finland,44
Azienda Ospedaliera Universitaria San Giovanni di Dio e Ruggi d'Aragona - OO. RR. Scuola Medica Salernitana,italy,44
University of San Francisco,unitedstates,44
Nehru Institute of Engineering and Technology,india,43
German Centre for Integrative Biodiversity Research (iDiv) Halle-Jena-Leipzig,germany,43
School of Computer Science,unitedstates,43
Saudi Electronic University,saudiarabia,43
Lincoln Laboratory,unitedstates,42
Ted Rogers School of Management,canada,42
Lebanese American University,lebanon,42
Yashoda Hospitals,india,42
Ludwig-Maximilians-Universität München,germany,42
Universität Freiburg,germany,41
Universität Wien,austria,41
Korea University,southkorea,41
The Bartlett Faculty of the Built Environment,unitedkingdom,40
Horizon Robotics,china,40
University of Warwick,unitedkingdom,40
Boston Children's Hospital,unitedstates,40
Universiti Sains Malaysia,malaysia,40
The Business School,unitedstates,39
Korea University Guro Hospital,southkorea,39
Auburn University,unitedstates,39
Centro Nacional de Supercomputación,spain,39
Beijing University of Technology,china,38
Belarusian State University,belarus,38
Universidad Nacional Autónoma de México,mexico,38
University of Miami Leonard M. Miller School of Medicine,unitedstates,38
Vector Institute,canada,38
CISPA - Helmholtz Center for Information Security,germany,38
Nagoya University Graduate School of Medicine,japan,38
Indian Institute of Technology Delhi,india,37
Università degli Studi di Pavia,italy,37
Montreal Institute for Learning Algorithms,canada,37
Humanitas University,italy,37
Purdue Polytechnic Institute,unitedstates,37
Edinburgh Medical School,unitedkingdom,37
Department of Anesthesiology,unitedstates,37
Southwest University,china,37
Group on Earth Observations,switzerland,36
Myongji University,southkorea,36
Alberta Health Services,canada,36
Tumbling Dice Ltd.,unitedkingdom,36
Lancaster Environment Centre,unitedkingdom,36
University of Lahore,pakistan,36
College of Environmental and Resource Sciences,china,36
Center for Cyber-Physical Systems,unitedstates,36
National Institute of Technology Tiruchirappalli,india,36
Erasmus School of Health Policy &amp; Management,netherlands,36
The Allen Institute for Artificial Intelligence,unitedstates,36
The University of Texas at San Antonio,unitedstates,35
Koforidua Technical University,ghana,35
L-Università ta' Malta,malta,35
UConn College of Engineering,unitedstates,35
Apadana Institute of Higher Education,iran,35
Pacific Northwest National Laboratory,unitedstates,35
University of Technology Sydney,australia,35
NYU CS department,unitedstates,35
German Jordanian University,jordan,35
Primary Health Care Corporation,qatar,35
"Teerthanker Mahaveer University, Moradabad",india,35
Delhi Technological University,india,35
Memorial University of Newfoundland,canada,34
California Institute of Technology,unitedstates,34
Concordia University,canada,34
National Center for Emerging and Zoonotic Infectious Diseases,unitedstates,34
Bangladesh University of Business and Technology,bangladesh,33
Organisation Mondiale de la Santé,switzerland,33
Sejong University,southkorea,33
Icahn School of Medicine at Mount Sinai,unitedstates,33
RISE Research Institutes of Sweden AB,sweden,33
Southampton Business School,unitedkingdom,33
University of Nicosia,cyprus,33
Regenstrief Center for Healthcare Engineering,unitedstates,33
Universidade Federal de Lavras,brazil,33
Copenhagen Business School,denmark,33
The Royal Institute of Technology (KTH),sweden,33
"The University of Tennessee, Knoxville",unitedstates,33
Nanjing University of Post and TeleCommunications,china,32
National Institute of Environmental Research,southkorea,32
IBM Watson Health,unitedstates,32
University of Washington,unitedstates,32
Princeton University,unitedstates,32
Universitat Pompeu Fabra Barcelona,spain,32
Elettra-Sincrotrone Trieste S.C.p.A.,italy,32
Universidade Federal de Minas Gerais,brazil,32
"Universidad Pontificia Comillas, Escuela Técnica Superior de Ingeniería, Instituto de Investigación Tecnológica",spain,32
"University of Engineering and Technology, Lahore",pakistan,32
Lyles School of Civil and Construction Engineering,unitedstates,31
Seattle Children's Hospital,unitedstates,31
Aalborg University,denmark,31
KU Leuven,belgium,31
American University of the Middle East,kuwait,31
Shahid Beheshti University,iran,31
SR University,india,31
Curtin University,australia,31
College of Civil Engineering and Architecture Zhejiang University,china,31
The University of Tokyo,japan,31
Nankai University,china,30
"Facebook, Inc.",unitedstates,30
Amadeus IT Group,denmark,30
Sokoine University of Agriculture,tanzania,30
International Center for Agricultural Research in the Dry Areas Syria,lebanon,30
Jilin University,china,30
Heilongjiang University,china,30
"Universidad Politécnica Salesiana, Quito",ecuador,30
Technische Universität Berlin,germany,30
Duke University,unitedstates,30
Caribbean Maritime University,jamaica,30
Szegedi Tudományegyetem (SZTE),hungary,30
IUMS Health Management and Economics Research Center,iran,29
Università Cattolica del Sacro Cuore,italy,29
Euncet Business School,spain,29
Zhejiang Lab,china,29
National Cheng Kung University,taiwan,29
Université Clermont Auvergne,france,29
Northeast Electric Power University,china,28
University of North Texas,unitedstates,28
Leuphana Universität Lüneburg,germany,28
K L Deemed to be University,india,28
MIT Computer Science &amp; Artificial Intelligence Laboratory,unitedstates,28
Peking University,china,28
Nanjing Forestry University,china,28
University of Tsukuba,japan,28
İstanbul Şehir Üniversitesi,turkey,28
Center for Democracy &amp; Technology,unitedstates,28
Henan University of Science and Technology,china,28
Università degli Studi di Genova,italy,27
"University of California, Los Angeles",unitedstates,27
University of G. d'Annunzio Chieti and Pescara,italy,27
King Abdullah University of Science and Technology,saudiarabia,27
Reichman University,israel,27
University of Galway,ireland,26
Samsun University,turkey,26
Koç Üniversitesi,turkiye,26
Fraunhofer Institute for Intelligent Analysis and Information Systems IAIS,germany,26
The Australian National University,australia,26
Northwest A&amp;F University,china,26
Centre for Accident Research and Road Safety – Queensland,australia,26
UWA Medical School,australia,26
National University of Singapore,singapore,26
Hellenic Open University,greece,26
Universidad de Las Palmas de Gran Canaria,spain,26
IBM Deutschland GmbH,germany,26
Indian Institute of Technology Bombay,india,26
Université de Kinshasa,democraticrepubliccongo,25
North China University of Science and Technology,china,25
Universidad Politecnica de Cartagena,spain,25
"Institute of Health Policy, Management and Evaluation",canada,25
Mahidol University,thailand,25
Maxim Integrated Products Inc.,unitedstates,25
International Centre for Integrated Mountain Development Nepal,nepal,25
Bulacan State University,philippines,25
"Netflix, Inc.",unitedstates,25
DeGroote School of Business,canada,25
Department of Civil and Environmental Engineering,unitedstates,25
Aarhus Universitet,denmark,25
College of Family &amp; Consumer Sciences,unitedstates,25
"College of Engineering, Computing, Technology, and Mathematics",unitedstates,25
Cisco Systems,unitedstates,25
"Amazon.com, Inc.",unitedstates,25
West China School of Medicine/West China Hospital of Sichuan University,china,25
Chinese University of Hong Kong,hongkong,24
"Institute for Systems and Computer Engineering, Technology and Science",portugal,24
Universidad Nacional,costarica,24
The University of Auckland,newzealand,24
Pepperdine University,unitedstates,24
Università degli Studi di Milano,italy,24
Hewlett Packard Laboratories,unitedstates,24
Institute of Advanced Machines and Design,southkorea,23
Indian Institute of Science,india,23
"University of California, San Diego",unitedstates,23
McMaster University,canada,23
Universitas Padjadjaran,indonesia,23
American University,unitedstates,23
Universidade Estadual de Campinas,brazil,23
Faculty of Energy Engineering,egypt,23
North South University,bangladesh,23
"First Institute of Oceanography, Ministry of Natural Resources",china,23
P.S.R. Engineering College,india,23
Universidade Estadual do Oeste do Paraná,brazil,22
Huawei Noah's Ark Lab,hongkong,22
University of Pennsylvania Perelman School of Medicine,unitedstates,22
Shanghai Jiao Tong University,china,22
Shandong Jianzhu University,china,22
Shahid Bahonar University of Kerman,iran,22
Radboud Universiteit,netherlands,22
Shenzhen Institute of Advanced Technology,china,22
Universiteit van Amsterdam,netherlands,22
Julius-Maximilians-Universität Würzburg,germany,22
"Department of Tourism, Ionian University",greece,22
University of Exeter,unitedkingdom,22
École de médecine du Nord de l'Ontario,canada,22
Kansas State University,unitedstates,22
National Sun Yat-Sen University,taiwan,21
University of Science and Technology Beijing,china,21
Universitat de València,spain,21
School of Computer Science and Engineering,singapore,21
Mohammed VI Polytechnic University,morocco,21
Telkom University,indonesia,21
Nanjing University of Science and Technology,china,21
China National Center for Food Safety Risk Assessment,china,21
MetroHealth Medical Center Cleveland,unitedstates,21
Information Resources Management Association,unitedstates,21
"Birla Institute of Technology and Science, Pilani",india,21
Central University of Rajasthan,india,21
Southern Methodist University,unitedstates,21
Centro de Desarrollo Urbano Sustentable,chile,21
Centro Interdisciplinario de Investigaciones en Psicología Matemática y Experimental,argentina,21
Gwangju Institute of Science and Technology,southkorea,21
Santé Publique France,france,20
Gauhati University,india,20
FEU Institute of Technology,philippines,20
Universidade Federal do Rio de Janeiro,brazil,20
Cleveland Clinic Lerner College of Medicine of Case Western Reserve University,unitedstates,20
Ulsan National Institute of Science and Technology,southkorea,20
The University of Nottingham Malaysia Campus,malaysia,20
Air University Islamabad,pakistan,20
Ufa University of Science and Technology,russianfederation,20
Qatar University,qatar,20
Middle East Technical University (METU),turkey,20
Universidade Federal de Santa Catarina,brazil,20
"Google LLC, Africa &amp; Middle East",unitedarabemirates,20
Siebel School of Computing and Data Science,unitedstates,20
Universitatea de Medicina si Farmacie Victor Babes din Timisoara,romania,20
Bangladesh University of Health Sciences,bangladesh,20
Ecole Nationale d'Ingénieurs de Sfax,tunisia,20
University of Tehran,iran,20
Fordham University,unitedstates,19
Shanghai University,china,19
Max Planck UCL Centre for Computational Psychiatry and Ageing Research,germany,19
Samsung R&amp;D Institute India-Bangalore,india,19
Université Laval,canada,19
Edward J. Bloustein School of Planning and Public Policy,unitedstates,19
University of Massachusetts Amherst,unitedstates,19
"Narsee Monjee Institute of Management Studies, Mumbai",india,19
Majandusteaduskond,estonia,19
Università degli studi di Bari Aldo Moro,italy,19
Virginia Polytechnic Institute and State University,unitedstates,18
University of Delaware,unitedstates,18
University of Georgia School of Computing,unitedstates,18
Fondazione Human Technopole,italy,18
Changzhou University,china,18
Global AI Corporation,unitedstates,18
Inception Institute of Artificial Intelligence,unitedarabemirates,18
"Islamic Azad University, Hashtgerd Branch",iran,18
Harrisburg University of Science and Technology,unitedstates,18
Dublin City University,ireland,18
Temple University,unitedstates,18
University of Michigan-Flint,unitedstates,18
Madan Mohan Malaviya University of Technology,india,18
Stanford University,unitedstates,18
Scuola IMT Alti Studi Lucca,italy,18
London School of Economics and Political Science,unitedkingdom,18
IBM Polska Sp. z o.o.,poland,18
Electrical and Computer Engineering Department,unitedstates,18
Maulana Azad National Institute of Technology,india,17
"Faculty of Biology, Medicine and Health",unitedkingdom,17
University of Houston,unitedstates,17
Universidad de Chile,chile,17
Southern University of Science and Technology,china,17
Politechnika Wrocławska,poland,17
Centre Tecnológic de Telecomunicacions de Catalunya,spain,17
Middlesex University,unitedkingdom,17
University of Canterbury,newzealand,17
"Faculty of Robot Science and Engineering, Northeastern University",china,17
Rwanda Institute for Conservation Agriculture,rwanda,17
"University of California, Santa Barbara",unitedstates,17
Faculty of Medicine and Psychology,italy,17
The University of Arizona,unitedstates,17
Faculty of Science,egypt,17
Swinburne University of Technology,australia,16
University of Illinois Hospital &amp; Health Sciences System,unitedstates,16
Soochow University,china,16
Technion - Israel Institute of Technology,israel,16
Shih Hsin University,taiwan,16
United Nations University – Maastricht Economic and Social Research Institute on Innovation and Technology,netherlands,16
Pusan National University,southkorea,16
Baskin School of Engineering,unitedstates,16
Gachon University,southkorea,16
King Saud bin Abdulaziz University for Health Sciences,saudiarabia,16
Moody College of Communication,unitedstates,16
Sapienza Università di Roma,italy,16
University of Virginia,unitedstates,16
SRM Institute of Science and Technology,india,16
Universidade Paulista,brazil,16
Helmholtz Zentrum für Umweltforschung,germany,16
Indiana University Bloomington,unitedstates,16
The University of Queensland,australia,15
Peoples Liberation Army Engineering University,china,15
American University of Beirut,lebanon,15
UCLA Fielding School of Public Health,unitedstates,15
Gebze Teknik Üniversitesi,turkey,15
Magna Donnelly,unitedstates,15
Cyprus University of Technology,cyprus,15
Harbin Engineering University,china,15
Norges Teknisk-Naturvitenskapelige Universitet,norway,15
Pakistan Navy Engineering College,pakistan,15
Tecnológico de Monterrey,mexico,15
"Faculteit Techniek, Bestuur en Management, TU Delft",netherlands,15
McGill Centre for Bioinformatics,canada,15
"Shandong University, Weihai",china,15
"Institute of Life, Earth and Environment",belgium,15
"Università Cattolica del Sacro Cuore, Campus di Piacenza e Cremona",italy,15
Qingdao University,china,15
China Academy of Space Technology,china,15
Bina Nusantara University,indonesia,15
Indian Institute of Management Raipur,india,15
"Clemson University College of Engineering, Computing and Applied Sciences",unitedstates,15
Universidade de São Paulo,brazil,15
Open University of Cyprus,cyprus,15
Effat University,saudiarabia,15
Istituto di Scienza e Tecnologie dell'Informazione A. Faedo,italy,15
Centre d’Innovation en Télécommunications et Intégration de Services,france,14
University of Lincoln,unitedkingdom,14
University of Wisconsin-Milwaukee,unitedstates,14
Shaqra University,saudiarabia,14
Clemson University,unitedstates,14
Consiglio Nazionale delle Ricerche,italy,14
Kellogg School of Management Northwestern University,unitedstates,14
Université de Montpellier,france,14
Politecnico di Torino,italy,14
Purdue University Northwest,unitedstates,14
Kumoh National Institute of Technology,southkorea,14
Minnan University of Science and Technology,china,14
Mines Paris - PSL,france,14
MOIS,,14
Bannari Amman Institute of Technology,india,14
Maharshi Dayanand University,india,14
Amrita TBI,india,14
Università degli Studi di Udine,italy,14
Université Hassan 1er,morocco,14
IBM Research,unitedstates,14
NYU Law,unitedstates,14
Laboratoire Interdisciplinaire des Environnements Continentaux (LIEC),france,14
London Ambulance Service NHS Trust,unitedkingdom,13
IE Business School,spain,13
"Multimedia, InfoRmation systems and Advanced Computing Laboratory",tunisia,13
Technische Universität Dresden,germany,13
ZHAW Zurich University of Applied Sciences,switzerland,13
"Islamia College, Peshawar",pakistan,13
University of Piraeus,greece,13
Universidad de las Fuerzas Armadas ESPE,ecuador,13
Henan Normal University,china,13
Lakehead University,canada,13
Università di Trento,italy,13
Queen Mary University of London,unitedkingdom,13
"University of Zagreb, Faculty of Transport and Traffic Sciences",croatia,13
Xiamen University,china,13
Universiti Tunku Abdul Rahman,malaysia,13
College of Forest Resources,unitedstates,13
Michigan State University,unitedstates,13
Department of Mechanical and Aerospace Engineering,unitedstates,13
Dr. Ambedkar Institute of Technology,india,13
Korea Aerospace University,southkorea,13
Carleton University,canada,13
"University of California, Davis",unitedstates,13
CENTRUM PUCP Escuela de Negocios,peru,13
"Great Lakes Institute of Management, Chennai",india,13
Dwarkadas Jivanlal Sanghvi College of Engineering,india,13
University of Oregon,unitedstates,12
Siemens AG,germany,12
EURECOM Ecole d'Ingénieur et Centre de Recherche en Sciences du Numérique,france,12
Clalit Health Services,israel,12
"Huawei Technologies Co., Ltd.",china,12
Center for International Forestry Research,peru,12
Institute of Management Sciences,pakistan,12
Technical University of Varna,bulgaria,12
Universiti Malaysia Pahang Al-Sultan Abdullah,malaysia,12
John and Marcia Price College of Engineering,unitedstates,12
Université de la Manouba,tunisia,12
Ahlia University,bahrain,12
Winthrop University,unitedstates,12
"School of Aeronautics and Astronautics, Zhejiang University",china,12
School of Computing and Augmented Intelligence,unitedstates,12
"Intelligent Fusion Technology, Inc.",unitedstates,12
Gabriele Monasterio Foundation,italy,12
UT Southwestern Medical Center,unitedstates,12
"The World Bank, USA",unitedstates,12
"University of Bern, Faculty of Medicine",switzerland,12
"Charles V. Schaefer, Jr. School of Engineering and Science",unitedstates,12
"LG Electronics, Korea",southkorea,12
Habib University,pakistan,11
The Hang Seng University of Hong Kong,hongkong,11
Zhongyuan University of Technology,china,11
School of Engineering,unitedstates,11
"College of Information Science and Engineering, Northeastern University",china,11
Chapman University,unitedstates,11
Politechnika Poznanska,poland,11
"University of Aberdeen School of Medicine, Medical Sciences and Nutrition",unitedkingdom,11
Pontifícia Universidade Católica do Paraná,brazil,11
NC State College of Engineering,unitedstates,11
"Institute for Employment Research, Nuremberg",germany,11
Basque Research and Technology Alliance (BRTA),spain,11
Universita degli Studi Guglielmo Marconi,italy,11
ISAE-ENSMA,france,11
National Institute of Technology Raipur,india,11
Université McGill,canada,11
University of New Mexico School of Engineering,unitedstates,11
Software College of Northeastern University,china,11
University of Colorado Denver,unitedstates,11
University of Ottawa,canada,11
"Federal University of Agriculture, Abeokuta",nigeria,11
Penn State College of Engineering,unitedstates,11
Bharathidasan University,india,11
U.S. Naval Research Laboratory,unitedstates,11
Barts Health NHS Trust,unitedkingdom,10
Voiland College of Engineering and Architecture,unitedstates,10
Xinjiang University of Finance and Economics,china,10
Verizon Wireless,unitedstates,10
Technical University of Denmark,denmark,10
North China Electric Power University,china,10
Stanford Graduate School of Business,unitedstates,10
Caraga State University,philippines,10
Centre de Sciences Humaines,india,10
Swami Ramanand Teerth Marathwada University,india,10
Tata Medical Center,india,10
National Institute of Technology Calicut,india,10
Università degli Studi di Firenze,italy,10
Slovak University of Technology in Bratislava,slovakia,10
Division of Chemistry and Chemical Engineering,unitedstates,10
United States Department of Agriculture,unitedstates,10
Siemens Digital Industries Software,unitedstates,10
Dongguan University of Technology,china,10
University of Wolverhampton,unitedkingdom,10
B.S.Abdur Rahman University,india,9
Waseda University,japan,9
St. Joseph's College of Engineering,india,9
Christ University,india,9
Universitat d'Alacant,spain,9
Universidad Autónoma de Asunción,paraguay,9
"Rutgers Institute for Data Science, Learning, and Applications",unitedstates,9
Virginia Commonwealth University,unitedstates,9
School of Medicine,canada,9
"Systèmes Productifs, Logistique, Organisation des Transports et Travail (AME-SPLOTT)",france,9
Universität Bamberg,germany,9
Korea Aerospace Research Institute,southkorea,9
United Network for Organ Sharing,unitedstates,9
National Institute of Technology Hamirpur,india,9
"Government College of Engineering, Amravati",india,9
Hunan City University,china,9
NIHR Oxford Biomedical Research Centre,unitedkingdom,9
Technische Universität Wien,austria,9
"Laboratoire Informatique, Imagerie &amp; Analyse Numérique, Université Sidi Mohamed Ben Abdellah",morocco,9
Department of Mechanical Engineering,unitedstates,9
Cadence Design Systems,unitedstates,9
Mahatma Gandhi University,india,8
Tianjin University of Science &amp; Technology,china,8
Johns Hopkins University,unitedstates,8
Ariel University,israel,8
Vanderbilt University,unitedstates,8
Faculty Governance and Global Affairs,netherlands,8
Yonsei University,southkorea,8
University of Lodz,poland,8
The University of Edinburgh,unitedkingdom,8
Instituto Superior de Contabilidade e Administração de Lisboa,portugal,8
Pohang University of Science and Technology,southkorea,8
Bradford Institute for Health Research,unitedkingdom,8
Nanjing University of Aeronautics and Astronautics,china,8
National Central University,taiwan,8
Beijing Jiaotong University,china,8
University of Évora,portugal,8
Universitas Gadjah Mada,indonesia,8
National Institute of Technical Teachers Training &amp; Research,india,8
Institute of Computing Technology Chinese Academy of Sciences,china,8
Fondazione Eni Enrico Mattei,italy,8
Chandigarh Group of Colleges Jhanjeri,india,8
China Agricultural University,china,7
Aberystwyth University,unitedkingdom,7
Department of Computer and Information Sciences,unitedstates,7
"Department of Cognitive Robotics, TU Delft",netherlands,7
Wuhan National Laboratory for Optoelectronics,china,7
Universitas Amikom Purwokerto,indonesia,7
UCL School of Pharmacy,unitedkingdom,7
Cardiff University,unitedkingdom,7
The University of Oklahoma,unitedstates,7
Bentley University,unitedstates,7
Washington State University Pullman,unitedstates,7
MKSSS’s Cummins College of Engineering for Women,india,7
School of Computer Science,australia,7
Faculty of Engineering,australia,7
Faculty of Health,unitedkingdom,7
Kumaraguru College of Technology,india,7
Instituto Superior de Ingeniería de Software de Tandil,argentina,7
Lancaster Medical School,unitedkingdom,7
Paine College,unitedstates,7
Nokia Bell Labs,unitedstates,7
Pandit Deendayal Energy University,india,7
Gudlavalleru Engineering College,india,7
Utrecht University of Applied Sciences,netherlands,7
Queen’s University,canada,7
Oracle Labs,,7
Indian Institute for Human Settlements,india,7
Sichuan University,china,7
Vanderbilt University School of Engineering,unitedstates,7
University of Texas Health Science Center at Houston,unitedstates,7
Friedrich-Alexander-Universität Erlangen-Nürnberg,germany,7
Virtusa Corporation,unitedstates,7
Fujian Agriculture and Forestry University,china,7
"Islamic Azad University, Hamedan Branch",iran,7
"The University of the West Indies, St. Augustine Campus",trinidadandtobago,6
Universität Regensburg,germany,6
Instituto Nacional de Investigación Agropecuaria – INIA Uruguay,uruguay,6
Microsoft Research,unitedstates,6
"Federal College of Education (Technical), Gombe",nigeria,6
"University of California, Riverside",unitedstates,6
Georgia Southern University,unitedstates,6
"SSN College of Engineering, Kalavakkam",india,6
George Mason University,unitedstates,6
Centraal Bureau voor de Statistiek,netherlands,6
"Linnaeus University, Växjö",sweden,6
"University of the Witwatersrand, Johannesburg",southafrica,6
University of Calgary,canada,6
Universitas Amikom Yogyakarta,indonesia,6
Mae Fah Luang University,thailand,6
Centro Federal De Educacão Tecnológica Celso Suckow Da Fonseca,brazil,6
Zhejiang University of Technology,china,6
"Laboratoire de Recherche Opérationnelle, de Décision et de Contrôle de processus",tunisia,6
Moscow State Institute of International Relations (MGIMO),russianfederation,6
Erasmus Universiteit Rotterdam,netherlands,6
Algebra University,croatia,6
Dokuz Eylül Üniversitesi,turkey,6
Wiley,unitedkingdom,6
Naval Aviation University,china,6
Nazarbayev University,kazakhstan,6
Yaşar Üniversitesi,turkey,6
National Institute for Environmental Studies of Japan,japan,6
University of Southampton,unitedkingdom,6
Universidad de Costa Rica,costarica,6
Helsingin Yliopisto,finland,6
North China Electric Power University (Baoding),china,6
Advanced Telecommunications Research Institute International (ATR),japan,6
Equinor ASA,norway,6
Changshu Institute of Technology,china,6
Nanfang College of Sun Yet-sen University,china,6
King's College London,unitedkingdom,6
Hong Kong Shue Yan University,china,6
Sultan Qaboos University,oman,6
Tshwane University of Technology,southafrica,6
Sensor Signal and Information Processing (SenSIP) Center,unitedstates,6
University of Fribourg,switzerland,6
NVIDIA,unitedstates,6
Guyra Paraguay,paraguay,5
Global College of Engineering and Technology,oman,5
Pratt School of Engineering,unitedstates,5
"Centro de Investigación en Matemáticas, A.C.",mexico,5
Université Catholique de Louvain,belgium,5
Honghe University,china,5
Polytechnique Montréal,canada,5
National Institute of Technology Rourkela,india,5
Universidade Federal de Pernambuco,brazil,5
Microsoft Corporation,unitedstates,5
California Lutheran University,unitedstates,5
Universidade Estadual de Maringá,brazil,5
Hochschule Ruhr West- University of Applied Sciences,germany,5
Universidad Autónoma de la Ciudad de México,mexico,5
Université Sidi Mohamed Ben Abdellah,morocco,5
Sharif University of Technology,iran,5
Alma Mater Studiorum Università di Bologna,italy,5
Korea Electrotechnology Research Institute,southkorea,5
University of Georgia,unitedstates,5
Cornell University College of Engineering,unitedstates,5
Wellcome Trust,unitedkingdom,5
Concordia Institute for Information Systems Engineering,canada,5
Zhejiang University,china,5
School of Information Engineering,china,5
Computer Science and Engineering Department,india,5
"Environmental Protection Agency, Ireland",ireland,5
Ecole Nationale de l'Aviation Civile,france,5
Advanced Institute of Industrial Technology,japan,5
University of Cyprus,cyprus,5
Seoul National University,southkorea,5
Technische Universität Dortmund,germany,5
Cleveland Clinic Foundation,unitedstates,5
Robert F. Wagner Graduate School of Public Service,unitedstates,5
Mannheimer Zentrum für Europäische Sozialforschung,germany,5
University of Minnesota Twin Cities,unitedstates,5
"AItrics Co., Ltd.",southkorea,5
Department of Electrical and Computer Engineering,unitedstates,5
Université du Québec à Montréal,canada,5
Austrian Institute of Technology,austria,5
Shenzhen University Health Science Center,china,5
Kaunas University of Technology,lithuania,5
MIREA - Russian Technological University (RTU MIREA),russianfederation,5
Loughborough University London,unitedkingdom,5
"Key Laboratory of Machine Perception, Ministry of Education",china,5
University of Miami College of Engineering,unitedstates,4
National Institute of Technology Silchar,india,4
Bengbu University,china,4
Herbert Wertheim College of Engineering,unitedstates,4
Massachusetts General Hospital,unitedstates,4
Hong Kong Monetary Authority,china,4
Aliah University,india,4
Beijing Jishuitan Hospital,china,4
Mohammed V University in Rabat,morocco,4
Københavns Universitet,denmark,4
University of Education,pakistan,4
"Instituto Federal de Educação, Ciência e Tecnologia do Ceará, Fortaleza",brazil,4
University of Bahrain,bahrain,4
National Population Studies and Comprehensive Management Institute,iran,4
Mianyang Normal University,china,4
"Mercari, Inc.",japan,4
"Innovation Academy for Precision Measurement Science and Technology,CAS",china,4
Indian Institute of Information Technology Manipur,india,4
Universiti Tenaga Nasional,malaysia,4
Universitetet i Agder,norway,4
Desautels Faculty of Management,canada,4
Boston University College of Engineering,unitedstates,4
Politechnika Warszawska,poland,4
"State Grid Liaoning Electric Power Supply Co., Ltd.",china,4
Faculty of Engineering,egypt,4
"Sardar Patel Institute of Technology, Mumbai",india,4
UC Berkeley School of Information,unitedstates,4
Shandong Institute of Commerce and Technology,china,4
Gono Bishwabidyalay,bangladesh,4
University of Rochester,unitedstates,4
H.N.B.Garhwal University,india,4
"Preferred Networks, Inc.",japan,4
Oxford University Hospitals NHS Foundation Trust,unitedkingdom,4
Chuo University,japan,4
Università degli Studi di Catania,italy,4
"Sarvepalli Radhakrishnan University, Bhopal",india,4
University of West Attica,greece,4
Engineering Ingegneria Informatica S.p.A.,italy,4
Ericsson Hungary Ltd.,hungary,4
Southeast University,china,4
Harvard Pilgrim Health Care Institute,unitedstates,4
Courant Institute of Mathematical Sciences,unitedstates,3
The University of Chicago,unitedstates,3
Uzhhorod National University,ukraine,3
University of International Business and Economics,china,3
Universiti Malaya,malaysia,3
Universitas Jember,indonesia,3
The Federal Polytechnic Ilaro,nigeria,3
Universiti Teknologi PETRONAS,malaysia,3
"Amrita University, Amritapuri Campus",india,3
Konya Technical University,turkey,3
Innovations for Poverty Action,unitedstates,3
State University of New York Albany,unitedstates,3
Hebei Normal University,china,3
RIKEN Center for Advanced Intelligence Project,japan,3
University of the Aegean,greece,3
Stony Brook University,unitedstates,3
Sungkyunkwan University,southkorea,3
Institut Dalle Molle D'intelligence Artificielle Perceptive,switzerland,3
Renault,france,3
Fraunhofer Institute for Energy Economics and Energy System Technology IEE,germany,3
Faculty of Economics,unitedkingdom,3
Fuqua School of Business,unitedstates,3
State Biotechnological University,ukraine,3
ABES Engineering College,india,3
National University of Sciences and Technology,pakistan,3
National Institute of Technology Karnataka,india,3
Shenzhen University,china,3
HRL Laboratories,unitedstates,3
Syracuse University,unitedstates,3
Bryansk State Technological University of Engineering,russianfederation,3
North Eastern Regional Institute of Science and Technology,india,3
Hewlett Packard Enterprise,unitedstates,3
University of Pittsburgh,unitedstates,3
UC Berkeley’s Industrial Engineering and Operations Research Department,unitedstates,3
Turun yliopisto,finland,3
Northwestern University,unitedstates,3
Graphic Era Deemed to be University,india,3
University of Massachusetts Boston,unitedstates,3
Kennesaw State University,unitedstates,3
NEC Laboratories Europe GmbH,germany,3
Anhui Polytechnic University,china,3
Vodafone,unitedkingdom,3
Shaheed Sukhdev College of Business Studies,india,3
Jaypee Institute of Information Technology,india,3
Université de Strasbourg,france,3
University of South Carolina,unitedstates,3
"School of Mechanical Engineering and Automation, Northeastern University",china,3
Amity University,india,2
United States Department of Energy,unitedstates,2
Iscte – Instituto Universitário de Lisboa,portugal,2
State Key Laboratory of Ocean Engineering,china,2
University of Nottingham,unitedkingdom,2
Air Force Engineering University China,china,2
Ural Federal University,russianfederation,2
University of Mauritius,mauritius,2
Shantou University,china,2
Sri Lanka Institute of Information Technology,srilanka,2
Department of Electrical Engineering and Computer Sciences,unitedstates,2
Southern Taiwan University of Science and Technology,taiwan,2
Uniwersytet im. Adama Mickiewicza w Poznaniu,poland,2
"Kalinga Institute of Industrial Technology, Bhubaneswar",india,2
Ateneo de Manila University,philippines,2
"Eurecat, Technology Centre of Catalonia",spain,2
Vrije Universiteit Brussel,belgium,2
National Taiwan University of Sport,taiwan,2
"National Institute of Technology, Warangal",india,2
National Yunlin University of Science and Technology,taiwan,2
Digital Science,unitedkingdom,2
Vishwakarma Institute of Technology,india,2
"Brain, Mind &amp; Markets Laboratory",australia,2
Northeastern University,china,2
Catholic University of Croatia,croatia,2
Universidade Federal de Vicosa,brazil,2
Tohoku University,japan,2
Oy LM Ericsson Ab,finland,2
Università degli Studi di Milano-Bicocca,italy,2
Zhejiang Gongshang University,china,2
Université Paris-Saclay,france,2
Parul University,india,2
Indian Institute of Information Technology Guwahati,india,2
Xinjiang Institute of Ecology and Geography Chinese Academy of Sciences,china,2
Ewha Womans University,southkorea,2
Anglia Ruskin University,unitedkingdom,2
Chongqing Western Institute of Big Data Advanced Application,china,2
Razak Faculty of Technology and Informatics,malaysia,2
Università degli Studi di Bergamo,italy,2
University of Alaska Fairbanks,unitedstates,2
Mathématiques et Informatique Appliquées du Génome à l'Environnement,france,2
Qingdao No.2 Middle School,china,2
Purdue University,unitedstates,2
Pune Institute of Computer Technology,india,2
Université Fédérale de Sergipe,brazil,1
Vignans Foundation for Science Technology and Research University,india,1
Université de Lorraine,france,1
upGrad Education Private Limited,india,1
University of Phoenix,unitedstates,1
Universität Ulm,germany,1
University of Salford,unitedkingdom,1
"ABB Corporate Research, Heidelberg",germany,1
University of Luxembourg,luxembourg,1
Orel State University,russianfederation,1
"Ministry of Public Works, Jakarta",indonesia,1
NC State University,unitedstates,1
NYU Abu Dhabi,unitedarabemirates,1
Nanjing Medical University,china,1
Faculté des Sciences et Techniques de Tanger,morocco,1
Ningbo University,china,1
Faculty of Health and Medical Sciences,australia,1
Paderborn University,germany,1
Microsoft Cloud Solutions,unitedkingdom,1
Escuela Politécnica Nacional,ecuador,1
Eli Lilly and Company,unitedstates,1
"Ecole Mohammadia d'Ingenieurs, Mohammed V University in Rabat",morocco,1
East West University,bangladesh,1
"Quaid-e-Awam University of Engineering, Science &amp; Technology",pakistan,1
Institut national des langues et civilisations orientales,france,1
Ramathibodi Hospital,thailand,1
Goethe-Universität Frankfurt am Main,germany,1
Meghnad Saha Institute of Technology,india,1
Rheinland-Pfälzische Technische Universität Kaiserslautern-Landau,germany,1
Kohat University of Science and Technology (KUST),pakistan,1
Innopolis University,russianfederation,1
Instituto Superior Técnico,portugal,1
Indian Institute of Technology Gandhinagar,india,1
Kano University of Science and Technology,nigeria,1
"Indian Institute of Information Technology, Nagpur",india,1
Keio University,japan,1
King Abdulaziz City for Science and Technology,saudiarabia,1
Korea Institute of Civil Engineering and Building Technology (KICT),southkorea,1
Guangxi University of Science and Technology,china,1
Hong Kong University of Science and Technology,hongkong,1
"Laboratoire des Sciences de l'Ingénieur, de l'Informatique et de l'Imagerie",france,1
University of Information Technology,myanmar,1
Hindustan Institute of Technology and Science,india,1
Hebrew University of Jerusalem,israel,1
Harokopio University of Athens,greece,1
Maxwell School of Citizenship and Public Affairs,unitedstates,1
Renmin Business School,china,1
Drexel University College of Engineering,unitedstates,1
Szkola Glówna Gospodarstwa Wiejskiego w Warszawie,poland,1
Universidad Americana,paraguay,1
Beijing National Research Center for Information Science and Technology,china,1
Cooperative Institute for Research in the Atmosphere,unitedstates,1
TCS Research,india,1
Bar-Ilan University,israel,1
The New York Academy of Sciences,unitedstates,1
Banca d'Italia,italy,1
UC Santa Barbara College of Engineering,unitedstates,1
Universidad Iberoamericana,mexico,1
"CMR Institute of Technology, Hyderabad",india,1
Banasthali Vidyapith,india,1
BYU Marriott School of Business,unitedstates,1
Universita di Corsica Pascal Paoli,france,1
Anhui Xinhua University,china,1
American International University - Bangladesh,bangladesh,1
University of Bristol,unitedkingdom,1
Accenture Technology Labs,unitedstates,1
Benjamin M. Statler College of Engineering and Mineral Resources,unitedstates,1
Institute of Information Engineering,china,1
China Southern Power Grid,china,1
China Asset Management Co. Ltd.,china,1
Centro de Investigación en Computación,mexico,1
Colorado State University-Pueblo,unitedstates,1
Shandong University of Finance and Economics,china,1
Charles University,czechrepublic,1
"School of Dentistry, Kermanshah University of Medical Sciences",iran,1
Shenyang University of Technology,china,1
Saint Louis University,unitedstates,1
College of Engineering &amp; Mines University of Alaska Fairbanks,unitedstates,1
Georg-August-Universität Göttingen,germany,0
China Jiliang University,china,0
Ilyeum Insights,france,0
Vellore Institute of Technology,india,0
Don Mariano Marcos Memorial State University,philippines,0
Comisión Nacional para el Conocimiento y Uso de la Biodiversidad,mexico,0
Alzahra University,iran,0
Department of Engineering,unitedkingdom,0
Hunan Institute of Engineering,china,0
FPT University,vietnam,0
Hochschule für Angewandte Wissenschaften Hamburg,germany,0
Gifu University,japan,0
"Hitachi, Ltd.",japan,0
Zhejiang Sci-Tech University,china,0
Bank of Japan,japan,0
Vistula University,poland,0
Beijing Institute of Graphic Communication,china,0
ZF Friedrichshafen AG,germany,0
"Certara, United Kingdom",unitedkingdom,0
GE Global Research,unitedstates,0
"GOVCOPP – Research Unit on Governance, Competitiveness and Public Policies",portugal,0
CentraleSupélec - Paris-Saclay,france,0
Daffodil International University,bangladesh,0
Lassonde School of Engineering,canada,0
Vallurupalli Nageswara Rao Vignana Jyothi Institute of Engineering &amp; Technology,india,0
Sri Ramakrishna Engineering College,india,0
Russian Presidential Academy of National Economy and Public Administration,russianfederation,0
"University of Zagreb, Faculty of Law",croatia,0
S P Global Market Intelligence Data Science,,0
"Saint Petersburg National Research University of Information Technologies, Mechanics and Optics University ITMO",russianfederation,0
Scheller College of Business,unitedstates,0
School of Business,macao,0
Shandong Normal University,china,0
"Shri Ramdeobaba College of Engineering and Management, Nagpur",india,0
Siddaganga Institute of Technology,india,0
Slaski Uniwersytet Medyczny w Katowicach,poland,0
Sooft SpA,italy,0
"Southern Scientific Centre, Russian Academy of Sciences",russianfederation,0
Stanley and Karen Pigman College of Engineering,unitedstates,0
Institute of Software Chinese Academy of Sciences,china,0
University of Science and Technology of China,china,0
TINE SA,norway,0
Terna Engineering College,india,0
The American College of Greece,greece,0
The Brazilian Development Bank,brazil,0
UAB Department of Pathology,unitedstates,0
Universidad Nacional de San Agustin de Arequipa,peru,0
Universidade Federal do Maranhão,brazil,0
University College of Bahrain,bahrain,0
University for Continuing Education Krems,austria,0
University of Cyberjaya,malaysia,0
University of Illinois at Chicago,unitedstates,0
University of Zanjan,iran,0
Rensselaer Polytechnic Institute,unitedstates,0
Rajiv Gandhi Proudyogiki Vishwavidyalaya,india,0
Rajalakshmi Institute of Technology,india,0
Jiangxi University of Science and Technology,china,0
Uniwersytet Jagielloński,poland,0
Karachi Institute of Economics and Technology,pakistan,0
Konan University,japan,0
Kyoto Institute of Technology,japan,0
Université d'Avignon et des Pays du Vaucluse,france,0
Kyushu Sangyo University,japan,0
Lunds Universitet,sweden,0
MIT Department of Electrical Engineering and Computer Science,unitedstates,0
Magyar Országos Levéltár,hungary,0
"Mahatma Gandhi Institute of Technology, Hyderabad",india,0
Malaysia University of Science and Technology,malaysia,0
MedCrypt,unitedstates,0
Mie University,japan,0
National Computer Network Emergency Response Technical Team,china,0
National Taiwan University,taiwan,0
Neimenggu Agricultural University,china,0
NetApp,,0
New Research and Development Center of Hisense,china,0
Ocean University of China,china,0
Pavol Jozef Šafárik University in Košice,slovakia,0
Pentecost University College,ghana,0
Ping An Technology (Shenzhen) Co. Ltd.,china,0
Politecnico di Milano,italy,0
Pondicherry University,india,0
National Kaohsiung University of Science and Technology,taiwan,0
