name;state_name;country_name;latitude;longitude
Isparta;Isparta;Turkey;37.76444;30.55222
Ankara;Ankara;Turkey;39.91987;32.85427
Cape Town;Western Cape;South Africa;-33.92584;18.42322
Prague;Praha, Hlavní město;Czech Republic;50.08804;14.42076
Taiyuan;Shanxi;China;37.86944;112.56028
Nanjing;Taiwan;China;32.06167;118.77778
Hangzhou;Zhejiang;China;30.29365;120.16142
Beijing;Beijing;China;39.9075;116.39723
Guwahati;Assam;India;26.1844;91.7458
Guangzhou;Guangdong;China;23.11667;113.25
Dhaka;Dhaka District;Bangladesh;23.81093;90.36542
Bandung;Jawa Barat;Indonesia;-6.92222;107.60694
Vellore;Tamil Nadu;India;12.86;79.035
Beijing;Beijing;China;39.9075;116.39723
Wuhan;Hubei;China;30.58333;114.26667
Pittsburgh;Pennsylvania;United States;40.44062;-79.99589
Panipat;Haryana;India;29.33259;76.92634
Guangzhou;Guangdong;China;23.11667;113.25
Bhimavaram;Andhra Pradesh;India;16.54078;81.52322
Casablanca;Casablanca-Settat;Morocco;33.5884;-7.55785
Nanning;Guangxi Zhuang;China;22.81667;108.31667
Hyderabad;Telangana;India;17.38405;78.45636
Chennai;Tamil Nadu;India;13.08784;80.27847
Johor Bahru;Johor;Malaysia;1.4655;103.7578
Suwon;Gyeonggi Province;South Korea;37.29111;127.00889
Palaiseau;Île-de-France;France;48.71828;2.2498
Munich;Bavaria;Germany;48.13743;11.57549
Changzhou;Taiwan;China;31.77359;119.95401
Kharagpur;Bihar;India;25.12446;86.55578
Kharagpur;West Bengal;India;22.330239;87.323653
Curitiba;Paraná;Brazil;-25.42778;-49.27306
Changwon;South Gyeongsang Province;South Korea;35.22806;128.68111
Tianjin;Tianjin;China;39.14666667;117.20555556
Chongqing;Chongqing;China;29.56278;106.55278
Canberra;Australian Capital Territory;Australia;-35.28346;149.12807
Cambridge;England;United Kingdom;52.2;0.11667
Changsha;Guizhou;China;28.68778;105.98972
Changsha;Hunan;China;28.19874;112.97087
Toronto;Ontario;Canada;43.70011;-79.4163
Enschede;Overijssel;Netherlands;52.21833;6.89583
Shenzhen;Guangdong;China;22.55653;113.9859
Rolla;Missouri;United States;37.95143;-91.77127
Rolla;North Dakota;United States;48.85778;-99.61792
Milan;Lombardy;Italy;45.46427;9.18951
Pittsburgh;Pennsylvania;United States;40.44062;-79.99589
London;England;United Kingdom;51.50853;-0.12574
Chicago;Illinois;United States;41.85003;-87.65005
Boston;Georgia;United States;30.79186;-83.78989
Boston;Massachusetts;United States;42.35843;-71.05977
Boston;New York;United States;42.62895;-78.73753
Hamilton;Waikato Region;New Zealand;-37.78333;175.28333
Sydney;New South Wales;Australia;-33.86785;151.20732
Beijing;Beijing;China;39.9075;116.39723
Mountain View;Arkansas;United States;35.86841;-92.11765
Mountain View;California;United States;37.38605;-122.08385
Mountain View;Hawaii;United States;19.55583;-155.10806
Mountain View;Missouri;United States;36.99533;-91.70376
Mountain View;North Carolina;United States;35.68319;-81.36898
Mountain View;Wyoming;United States;41.26884;-110.33988
Athens;Attica Region;Greece;37.98376;23.72784
New Haven;Connecticut;United States;41.30815;-72.92816
New Haven;Indiana;United States;41.0706;-85.01441
New Haven;Michigan;United States;42.72948;-82.80131
New Haven;Missouri;United States;38.60838;-91.21904
New Haven;West Virginia;United States;38.98647;-81.97347
Walldorf;Baden-Württemberg;Germany;49.30637;8.64236
Walldorf;Thuringia;Germany;50.61667;10.38333
Murcia;Murcia;Spain;37.98662;-1.14146
Chengdu;Sichuan;China;30.66667;104.06667
Sunnyvale;California;United States;37.36883;-122.03635
Sunnyvale;Texas;United States;32.79652;-96.56082
Guangzhou;Guangdong;China;23.11667;113.25
Wuhan;Hubei;China;30.58333;114.26667
Beijing;Beijing;China;39.9075;116.39723
Guilin;Guangxi Zhuang;China;25.28194;110.28639
Beijing;Beijing;China;39.9075;116.39723
Beijing;Beijing;China;39.9075;116.39723
Coimbatore;Tamil Nadu;India;10.8;77.09
Bandung;Jawa Barat;Indonesia;-6.92222;107.60694
Beijing;Beijing;China;39.9075;116.39723
Haikou;Hainan;China;20.04583;110.34167
Haikou;Yunnan;China;24.77985;102.57548
Nanjing;Taiwan;China;32.06167;118.77778
Beijing;Beijing;China;39.9075;116.39723
Pune;Maharashtra;India;18.51957;73.85535
Nanjing;Taiwan;China;32.06167;118.77778
San Donato Milanese;Lombardy;Italy;45.41047;9.26838
Pisa;Tuscany;Italy;43.70853;10.4036
Tehran;Tehran Province;Iran;35.69439;51.42151
Groningen;Groningen;Netherlands;53.21917;6.56667
Chennai;Tamil Nadu;India;13.08784;80.27847
Hefei;Anhui;China;31.86389;117.28083
Beijing;Beijing;China;39.9075;116.39723
Beijing;Beijing;China;39.9075;116.39723
Guangzhou;Guangdong;China;23.11667;113.25
Tangshan;Hebei;China;39.63333;118.18333
Rende;Calabria;Italy;39.33154;16.18041
Tehran;Tehran Province;Iran;35.69439;51.42151
Beijing;Beijing;China;39.9075;116.39723
Beijing;Beijing;China;39.9075;116.39723
Bhopal;Madhya Pradesh;India;23.25469;77.40289
Nairobi;Nairobi City;Kenya;-1.28333;36.81667
Hangzhou;Zhejiang;China;30.29365;120.16142
Anshan;Liaoning;China;41.12361;122.99
Coleraine;Northern Ireland;United Kingdom;55.13333;-6.66667
Lubbock;Texas;United States;33.57786;-101.85517
London;England;United Kingdom;51.50853;-0.12574
Zibo;Shandong;China;36.79056;118.06333
Chennai;Tamil Nadu;India;13.08784;80.27847
Paderborn;North Rhine-Westphalia;Germany;51.71905;8.75439
Bergen;Hordaland;Norway;60.392;5.328
Beijing;Beijing;China;39.9075;116.39723
Mohali;Punjab;India;30.67995;76.72211
Rajpura;Punjab;India;30.47856;76.59284
Mohali;Punjab;India;30.67995;76.72211
Bengaluru;Karnataka;India;12.97194;77.59369
Mohali;Punjab;India;30.67995;76.72211
Shanghai;Shanghai;China;31.22222;121.45806
Bengaluru;Karnataka;India;12.97194;77.59369
Dehradun;Uttarakhand;India;30.33;78.06
Bengaluru;Karnataka;India;12.97194;77.59369
Mohali;Punjab;India;30.67995;76.72211
Chennai;Tamil Nadu;India;13.08784;80.27847
Mohali;Punjab;India;30.67995;76.72211
Chennai;Tamil Nadu;India;13.08784;80.27847
Dehradun;Uttarakhand;India;30.33;78.06
Chennai;Tamil Nadu;India;13.08784;80.27847
Greater Noida;Uttar Pradesh;India;28.49615;77.53601
Bangkok;Bangkok;Thailand;13.75398;100.50144
Belfast;Northern Ireland;United Kingdom;54.59682;-5.92541
Banyuwangi;Jawa Timur;Indonesia;-8.2325;114.35755
Magdeburg;Saxony-Anhalt;Germany;52.12773;11.62916
Bahawalpur;Punjab;Pakistan;29.39779;71.6752
Ithaca;Michigan;United States;43.2917;-84.6075
Ithaca;New York;United States;42.44063;-76.49661
Shanghai;Shanghai;China;31.22222;121.45806
Sharjah;Sharjah Emirate;United Arab Emirates;25.33737;55.41206
Rabat;Kénitra;Morocco;34.01325;-6.83255
Yozgat;Yozgat;Turkey;39.82;34.80444
Changde;Hunan;China;29.04638;111.6783
Vellore;Tamil Nadu;India;12.86;79.035
Chennai;Tamil Nadu;India;13.08784;80.27847
Chennai;Tamil Nadu;India;13.08784;80.27847
Cuttack;Odisha;India;20.5;86.25
Westmont;California;United States;33.9414;-118.3023
Westmont;Illinois;United States;41.79586;-87.97562
Westmont;Pennsylvania;United States;40.31563;-78.95169
Yogyakarta;DI Yogyakarta;Indonesia;-7.80139;110.36472
Yogyakarta;DI Yogyakarta;Indonesia;-7.80139;110.36472
Salt Lake City;Utah;United States;40.76078;-111.89105
Boston;Georgia;United States;30.79186;-83.78989
Boston;Massachusetts;United States;42.35843;-71.05977
Boston;New York;United States;42.62895;-78.73753
Hamilton;Ontario;Canada;43.25011;-79.84963
Pasadena;California;United States;34.14778;-118.14452
Pasadena;Maryland;United States;39.10733;-76.57108
Pasadena;Texas;United States;29.69106;-95.2091
Ottawa;Ontario;Canada;45.41117;-75.69812
Stockholm;Stockholm County;Sweden;59.33258;18.0649
Aalborg;North Denmark Region;Denmark;57.048;9.9187
San Francisco;California;United States;37.77493;-122.41942
Beijing;Beijing;China;39.9075;116.39723
Jinzhou;Liaoning;China;41.10778;121.14167
Atlanta;Georgia;United States;33.749;-84.38798
Atlanta;Illinois;United States;40.25948;-89.23342
Atlanta;Michigan;United States;45.00473;-84.14389
Atlanta;Texas;United States;33.11374;-94.16435
Beijing;Beijing;China;39.9075;116.39723
Cambridge;Illinois;United States;41.30365;-90.1929
Cambridge;Maryland;United States;38.56317;-76.07883
Cambridge;Massachusetts;United States;42.3751;-71.10561
Cambridge;Minnesota;United States;45.57274;-93.22439
Cambridge;Nebraska;United States;40.28195;-100.16569
Cambridge;New York;United States;43.02813;-73.38122
Cambridge;Ohio;United States;40.03118;-81.58846
Cambridge;Wisconsin;United States;43.00361;-89.0165
Kuopio;Pirkanmaa;Finland;62.89238;27.67703
Kobe;Hyōgo Prefecture;Japan;34.6913;135.183
Livermore;California;United States;37.68187;-121.76801
Livermore;Kentucky;United States;37.4931;-87.13194
Livermore;Maine;United States;44.38396;-70.24922
Beijing;Beijing;China;39.9075;116.39723
Nanjing;Taiwan;China;32.06167;118.77778
Pasadena;California;United States;34.14778;-118.14452
Pasadena;Maryland;United States;39.10733;-76.57108
Pasadena;Texas;United States;29.69106;-95.2091
Richland;Georgia;United States;32.08793;-84.66742
Richland;Mississippi;United States;32.23904;-90.15842
Richland;Missouri;United States;37.85698;-92.40434
Richland;New York;United States;43.56951;-76.0477
Richland;Pennsylvania;United States;40.35926;-76.25828
Richland;Washington;United States;46.28569;-119.28446
Nanjing;Taiwan;China;32.06167;118.77778
Washington, D.C.;District of Columbia;United States;38.89511;-77.03637
Essen;Lower Saxony;Germany;52.72258;7.9371
Essen;North Rhine-Westphalia;Germany;51.45657;7.01228
Qingdao;Shandong;China;36.06488;120.38042
Hyderabad;Telangana;India;17.38405;78.45636
London;England;United Kingdom;51.50853;-0.12574
Bologna;Emilia-Romagna;Italy;44.46667;11.43333
Augusta;Arkansas;United States;35.28231;-91.36541
Augusta;Georgia;United States;33.47097;-81.97484
Augusta;Kansas;United States;37.68668;-96.9767
Augusta;Kentucky;United States;38.77174;-84.00576
Augusta;Maine;United States;44.31062;-69.77949
Augusta;New York;United States;42.97479;-75.50129
Augusta;Wisconsin;United States;44.68024;-91.11988
Suzhou;Anhui;China;33.63611;116.97889
Suzhou;Taiwan;China;31.30408;120.59538
Beijing;Beijing;China;39.9075;116.39723
Nanjing;Taiwan;China;32.06167;118.77778
Provo;Utah;United States;40.23384;-111.65853
Cambridge;Illinois;United States;41.30365;-90.1929
Cambridge;Maryland;United States;38.56317;-76.07883
Cambridge;Massachusetts;United States;42.3751;-71.10561
Cambridge;Minnesota;United States;45.57274;-93.22439
Cambridge;Nebraska;United States;40.28195;-100.16569
Cambridge;New York;United States;43.02813;-73.38122
Cambridge;Ohio;United States;40.03118;-81.58846
Cambridge;Wisconsin;United States;43.00361;-89.0165
Raleigh;Mississippi;United States;32.03349;-89.52229
Raleigh;North Carolina;United States;35.7721;-78.63861
Madrid;Madrid;Spain;40.4165;-3.70256
Raleigh;Mississippi;United States;32.03349;-89.52229
Raleigh;North Carolina;United States;35.7721;-78.63861
Xining;Qinghai;China;36.62554;101.75739
Beijing;Beijing;China;39.9075;116.39723
Harbin;Heilongjiang;China;45.75;126.65
Baghdad;Baghdad Governorate;Iraq;33.34058;44.40088
Ramadi;Al Anbar Governorate;Iraq;33.42056;43.30778
Aligarh;Uttar Pradesh;India;27.83333;78.16667
Baghdad;Baghdad Governorate;Iraq;33.34058;44.40088
Ramadi;Al Anbar Governorate;Iraq;33.42056;43.30778
Pune;Maharashtra;India;18.51957;73.85535
Accra;Greater Accra;Ghana;5.55602;-0.1969
Toronto;Ontario;Canada;43.70011;-79.4163
Aral;Xinjiang;China;40.54184;81.26566
Ulsan;Ulsan;South Korea;35.53722;129.31667
Cambridge;Illinois;United States;41.30365;-90.1929
Cambridge;Maryland;United States;38.56317;-76.07883
Cambridge;Massachusetts;United States;42.3751;-71.10561
Cambridge;Minnesota;United States;45.57274;-93.22439
Cambridge;Nebraska;United States;40.28195;-100.16569
Cambridge;New York;United States;43.02813;-73.38122
Cambridge;Ohio;United States;40.03118;-81.58846
Cambridge;Wisconsin;United States;43.00361;-89.0165
Nanjing;Taiwan;China;32.06167;118.77778
Stanford;California;United States;37.42411;-122.16608
Stanford;Kentucky;United States;37.53119;-84.66189
Stanford;Montana;United States;47.15358;-110.21826
Madrid;Madrid;Spain;40.4165;-3.70256
Seoul;Seoul;South Korea;37.566;126.9784
Tehran;Tehran Province;Iran;35.69439;51.42151
Ulsan;Ulsan;South Korea;35.53722;129.31667
London;England;United Kingdom;51.50853;-0.12574
Beijing;Beijing;China;39.9075;116.39723
Beijing;Beijing;China;39.9075;116.39723
Candiolo;Piedmont;Italy;44.95858;7.59812
Rome;Lazio;Italy;41.89193;12.51133
Boise;Idaho;United States;43.6135;-116.20345
Kharkiv;Kharkiv Oblast;Ukraine;49.98081;36.25272
Kharkiv;Kharkiv Oblast;Ukraine;49.98081;36.25272
Lviv;Lviv Oblast;Ukraine;49.83826;24.02324
Dehradun;Uttarakhand;India;30.33;78.06
Vellore;Tamil Nadu;India;12.86;79.035
Dehradun;Uttarakhand;India;30.33;78.06
Tashkent;Tashkent;Uzbekistan;41.26465;69.21627
Vellore;Tamil Nadu;India;12.86;79.035
Chennai;Tamil Nadu;India;13.08784;80.27847
Malang;Jawa Timur;Indonesia;-7.9797;112.6304
New Haven;Connecticut;United States;41.30815;-72.92816
New Haven;Indiana;United States;41.0706;-85.01441
New Haven;Michigan;United States;42.72948;-82.80131
New Haven;Missouri;United States;38.60838;-91.21904
New Haven;West Virginia;United States;38.98647;-81.97347
Puebla;Baja California;Mexico;32.56654;-115.3534
Puebla;Chiapas;Mexico;16.91583;-92.50389
Puebla;Puebla;Mexico;19.03793;-98.20346
Shanghai;Shanghai;China;31.22222;121.45806
Shenyang;Liaoning;China;41.79222;123.43278
Wuhan;Hubei;China;30.58333;114.26667
Braunschweig;Lower Saxony;Germany;52.26594;10.52673
Waco;Texas;United States;31.54933;-97.14667
Notre Dame;Indiana;United States;41.70019;-86.23793
Gainesville;Florida;United States;29.65163;-82.32483
Gainesville;Georgia;United States;34.29788;-83.82407
Gainesville;Missouri;United States;36.60312;-92.42822
Gainesville;Texas;United States;33.62594;-97.13335
Gainesville;Virginia;United States;38.79567;-77.61388
Evanston;Illinois;United States;42.04114;-87.69006
Evanston;Wyoming;United States;41.26828;-110.96324
Hefei;Anhui;China;31.86389;117.28083
Jinzhou;Liaoning;China;41.10778;121.14167
Nanjing;Taiwan;China;32.06167;118.77778
Pohang;North Gyeongsang Province;South Korea;36.02917;129.36481
Shenzhen;Guangdong;China;22.55653;113.9859
New Delhi;Delhi;India;28.63576;77.22445
Hefei;Anhui;China;31.86389;117.28083
Milwaukee;Wisconsin;United States;43.0389;-87.90647
Frankfurt am Main;Hesse;Germany;50.11552;8.68417
Xinyang;Henan;China;32.12278;114.06556
Providence;Kentucky;United States;38.57451;-85.22107
Providence;Rhode Island;United States;41.82399;-71.41283
Providence;Texas;United States;33.2334;-96.96158
Providence;Utah;United States;41.70632;-111.81717
Philadelphia;Mississippi;United States;32.77152;-89.11673
Philadelphia;New York;United States;44.1545;-75.70882
Philadelphia;Pennsylvania;United States;39.95233;-75.16379
Tehran;Tehran Province;Iran;35.69439;51.42151
Shanghai;Shanghai;China;31.22222;121.45806
Beijing;Beijing;China;39.9075;116.39723
Nanjing;Taiwan;China;32.06167;118.77778
Shanghai;Shanghai;China;31.22222;121.45806
Tabriz;East Azerbaijan Province;Iran;38.08;46.2919
Linhai;Zhejiang;China;28.85535;121.1447
Beijing;Beijing;China;39.9075;116.39723
Pittsburgh;Pennsylvania;United States;40.44062;-79.99589
Eindhoven;North Brabant;Netherlands;51.44083;5.47778
Hangzhou;Zhejiang;China;30.29365;120.16142
Pittsburgh;Pennsylvania;United States;40.44062;-79.99589
Hsinchu;Hsinchu;Taiwan;24.80361;120.96861
Greater Noida;Uttar Pradesh;India;28.49615;77.53601
Aachen;North Rhine-Westphalia;Germany;50.77664;6.08342
Redwood City;California;United States;37.48522;-122.23635
Sohag;Sohag;Egypt;26.55695;31.69478
Brussels;Brussels-Capital Region;Belgium;50.85045;4.34878
Beijing;Beijing;China;39.9075;116.39723
Erbil;Erbil Governorate;Iraq;36.18333;44.01193
Brno;Jihomoravský kraj;Czech Republic;49.19522;16.60796
Baicheng;Jilin;China;45.60746;122.82076
Asan;South Chungcheong Province;South Korea;36.78361;127.00417
Hangzhou;Zhejiang;China;30.29365;120.16142
Manipal;Karnataka;India;13.35;74.78333
Coimbatore;Tamil Nadu;India;10.8;77.09
Budapest;Budapest;Hungary;47.49835;19.04045
Tehran;Tehran Province;Iran;35.69439;51.42151
Newark;Arkansas;United States;35.70174;-91.44152
Newark;California;United States;37.52966;-122.04024
Newark;Delaware;United States;39.68372;-75.74966
Newark;Illinois;United States;41.53697;-88.58341
Newark;New Jersey;United States;40.73566;-74.17237
Newark;New York;United States;43.04673;-77.09525
Newark;Ohio;United States;40.05812;-82.40126
Newark;Texas;United States;33.00124;-97.48447
Kyiv;Kiev;Ukraine;50.45466;30.5238
Nanjing;Taiwan;China;32.06167;118.77778
Ljubljana;Ljubljana City Municipality;Slovenia;46.05108;14.50513
Cambridge;England;United Kingdom;52.2;0.11667
Pune;Maharashtra;India;18.51957;73.85535
Amravati;Maharashtra;India;20.93333;77.75
Pune;Maharashtra;India;18.51957;73.85535
Delft;South Holland;Netherlands;52.00667;4.35556
Mianyang;Sichuan;China;31.46784;104.68168
Tianjin;Tianjin;China;39.14666667;117.20555556
Wuzhou;Guangxi Zhuang;China;23.48333;111.31667
Zhangzhou;Fujian;China;24.51333;117.65556
Dongguan;Guangdong;China;23.01797;113.74866
Dalian;Liaoning;China;38.91222;121.60222
Pune;Maharashtra;India;18.51957;73.85535
Wuhan;Hubei;China;30.58333;114.26667
Kunming;Yunnan;China;25.03889;102.71833
Beijing;Beijing;China;39.9075;116.39723
Shihezi;Xinjiang;China;44.3023;86.03694
Changchun;Jilin;China;43.88;125.32278
Chongqing;Chongqing;China;29.56278;106.55278
Chongqing;Chongqing;China;29.56278;106.55278
Shanghai;Shanghai;China;31.22222;121.45806
Hangzhou;Zhejiang;China;30.29365;120.16142
Austin;Arkansas;United States;34.99842;-91.98376
Austin;Indiana;United States;38.75839;-85.80803
Austin;Minnesota;United States;43.66663;-92.97464
Austin;Texas;United States;30.26715;-97.74306
Chengdu;Sichuan;China;30.66667;104.06667
Semenyih;Selangor;Malaysia;2.9516;101.843
Beijing;Beijing;China;39.9075;116.39723
Vellore;Tamil Nadu;India;12.86;79.035
Guangzhou;Guangdong;China;23.11667;113.25
Toronto;Ontario;Canada;43.70011;-79.4163
Baotou;Inner Mongolia;China;40.65222;109.82222
College Park;Georgia;United States;33.65344;-84.44937
College Park;Maryland;United States;38.98067;-76.93692
Oxford;England;United Kingdom;51.75222;-1.25596
Beijing;Beijing;China;39.9075;116.39723
Beijing;Beijing;China;39.9075;116.39723
Pathum Thani;Pathum Thani;Thailand;14.01346;100.53049
Najaf;Najaf Governorate;Iraq;32.02594;44.34625
Najaf;Najaf Governorate;Iraq;32.02594;44.34625
Mashhad;Razavi Khorasan Province;Iran;36.31559;59.56796
Baghdad;Baghdad Governorate;Iraq;33.34058;44.40088
Makassar;Sulawesi Selatan;Indonesia;-5.14861;119.43194
Najaf;Najaf Governorate;Iraq;32.02594;44.34625
Ann Arbor;Michigan;United States;42.27756;-83.74088
Karbala;Karbala Governorate;Iraq;32.61603;44.02488
Najaf;Najaf Governorate;Iraq;32.02594;44.34625
Najaf;Najaf Governorate;Iraq;32.02594;44.34625
Najaf;Najaf Governorate;Iraq;32.02594;44.34625
Kufa;Najaf Governorate;Iraq;32.05114;44.44017
Greater Noida;Uttar Pradesh;India;28.49615;77.53601
Pune;Maharashtra;India;18.51957;73.85535
Varna;Varna Province;Bulgaria;43.21667;27.91667
Greater Noida;Uttar Pradesh;India;28.49615;77.53601
New Delhi;Delhi;India;28.63576;77.22445
Greater Noida;Uttar Pradesh;India;28.49615;77.53601
Greater Noida;Uttar Pradesh;India;28.49615;77.53601
Pune;Maharashtra;India;18.51957;73.85535
Dhaka;Dhaka District;Bangladesh;23.81093;90.36542
New Delhi;Delhi;India;28.63576;77.22445
Pune;Maharashtra;India;18.51957;73.85535
Pune;Maharashtra;India;18.51957;73.85535
Greater Noida;Uttar Pradesh;India;28.49615;77.53601
Dalian;Liaoning;China;38.91222;121.60222
Rome;Lazio;Italy;41.89193;12.51133
Charlottesville;Virginia;United States;38.02931;-78.47668
New Delhi;Delhi;India;28.63576;77.22445
Johannesburg;Gauteng;South Africa;-26.20227;28.04363
Dongguan;Guangdong;China;23.01797;113.74866
Skikda;Skikda;Algeria;36.87617;6.90921
Washington, D.C.;District of Columbia;United States;38.89511;-77.03637
Stanford;California;United States;37.42411;-122.16608
Stanford;Kentucky;United States;37.53119;-84.66189
Stanford;Montana;United States;47.15358;-110.21826
Dhahran;Eastern Province;Saudi Arabia;26.28864;50.11396
Kharagpur;Bihar;India;25.12446;86.55578
Kharagpur;West Bengal;India;22.330239;87.323653
Tallahassee;Florida;United States;30.43826;-84.28073
Athens;Alabama;United States;34.80243;-86.97219
Athens;Georgia;United States;33.96095;-83.37794
Athens;Illinois;United States;39.96088;-89.72399
Athens;Michigan;United States;42.08866;-85.23471
Athens;New York;United States;42.26036;-73.80957
Athens;Ohio;United States;39.32924;-82.10126
Athens;Pennsylvania;United States;41.9573;-76.518
Athens;Tennessee;United States;35.44285;-84.59299
Athens;Texas;United States;32.20487;-95.85552
Athens;Wisconsin;United States;45.03302;-90.07402
Athens;Attica Region;Greece;37.98376;23.72784
Burnaby;British Columbia;Canada;49.26636;-122.95263
Yantai;Shandong;China;37.47649;121.44081
Berkeley;California;United States;37.87159;-122.27275
Berkeley;Illinois;United States;41.88892;-87.9034
Berkeley;Missouri;United States;38.7545;-90.33123
Adelaide;South Australia;Australia;-34.92866;138.59863
Hangzhou;Zhejiang;China;30.29365;120.16142
New Delhi;Delhi;India;28.63576;77.22445
Yorktown Heights;New York;United States;41.27093;-73.77763
Los Angeles;California;United States;34.05223;-118.24368
Yorktown Heights;New York;United States;41.27093;-73.77763
Yorktown Heights;New York;United States;41.27093;-73.77763
Beijing;Beijing;China;39.9075;116.39723
Jakarta;DKI Jakarta;Indonesia;-6.21462;106.84513
Tashkent;Tashkent;Uzbekistan;41.26465;69.21627
Tashkent;Tashkent;Uzbekistan;41.26465;69.21627
Tashkent;Tashkent;Uzbekistan;41.26465;69.21627
Tashkent;Tashkent;Uzbekistan;41.26465;69.21627
Manchester;England;United Kingdom;53.41667;-2.25
Oxford;England;United Kingdom;51.75222;-1.25596
Dhahran;Eastern Province;Saudi Arabia;26.28864;50.11396
Tashkent;Tashkent;Uzbekistan;41.26465;69.21627
Tashkent;Tashkent;Uzbekistan;41.26465;69.21627
Tashkent;Tashkent;Uzbekistan;41.26465;69.21627
Dhahran;Eastern Province;Saudi Arabia;26.28864;50.11396
Dhahran;Eastern Province;Saudi Arabia;26.28864;50.11396
Tashkent;Tashkent;Uzbekistan;41.26465;69.21627
Mexico City;Mexico City;Mexico;19.42847;-99.12766
Chennai;Tamil Nadu;India;13.08784;80.27847
Chennai;Tamil Nadu;India;13.08784;80.27847
Chennai;Tamil Nadu;India;13.08784;80.27847
Tucson;Arizona;United States;32.22174;-110.92648
Yogyakarta;DI Yogyakarta;Indonesia;-7.80139;110.36472
Kathmandu;Central Region;Nepal;27.70169;85.3206
Bengaluru;Karnataka;India;12.97194;77.59369
Washington, D.C.;District of Columbia;United States;38.89511;-77.03637
Trento;Trentino-South Tyrol;Italy;46.06787;11.12108
Seoul;Seoul;South Korea;37.566;126.9784
Boston;Georgia;United States;30.79186;-83.78989
Boston;Massachusetts;United States;42.35843;-71.05977
Boston;New York;United States;42.62895;-78.73753
Cambridge;England;United Kingdom;52.2;0.11667
Evanston;Illinois;United States;42.04114;-87.69006
Evanston;Wyoming;United States;41.26828;-110.96324
Tokyo;Tokyo;Japan;35.6895;139.69171
Shanghai;Shanghai;China;31.22222;121.45806
Urbana;Illinois;United States;40.11059;-88.20727
Urbana;Iowa;United States;42.22416;-91.87434
Urbana;Maryland;United States;39.32594;-77.35137
Urbana;Ohio;United States;40.10839;-83.75243
Coventry;England;United Kingdom;52.40656;-1.51217
Atlanta;Georgia;United States;33.749;-84.38798
Atlanta;Illinois;United States;40.25948;-89.23342
Atlanta;Michigan;United States;45.00473;-84.14389
Atlanta;Texas;United States;33.11374;-94.16435
Wuhan;Hubei;China;30.58333;114.26667
Oxford;Alabama;United States;33.61427;-85.83496
Oxford;Connecticut;United States;41.43399;-73.11678
Oxford;Georgia;United States;33.619;-83.86741
Oxford;Indiana;United States;40.51976;-87.24779
Oxford;Kansas;United States;37.27419;-97.16893
Oxford;Maine;United States;44.13174;-70.49311
Oxford;Massachusetts;United States;42.11676;-71.86479
Oxford;Michigan;United States;42.82475;-83.26466
Oxford;Mississippi;United States;34.3665;-89.51925
Oxford;New Jersey;United States;40.80315;-74.98962
Oxford;New York;United States;42.44202;-75.59769
Oxford;North Carolina;United States;36.3107;-78.59083
Oxford;Ohio;United States;39.507;-84.74523
Oxford;Pennsylvania;United States;39.78539;-75.97883
Tokyo;Tokyo;Japan;35.6895;139.69171
Columbia;California;United States;38.03631;-120.40131
Columbia;Illinois;United States;38.44366;-90.20122
Columbia;Kentucky;United States;37.10284;-85.30635
Columbia;Louisiana;United States;32.10516;-92.07791
Columbia;Maryland;United States;39.24038;-76.83942
Columbia;Mississippi;United States;31.25184;-89.83758
Columbia;Missouri;United States;38.95171;-92.33407
Columbia;North Carolina;United States;35.91766;-76.25215
Columbia;Pennsylvania;United States;40.03371;-76.50441
Columbia;South Carolina;United States;34.00071;-81.03481
Columbia;Tennessee;United States;35.61507;-87.03528
Hawthorn;South Australia;Australia;-34.97384;138.60738
Hawthorn;Victoria;Australia;-37.81992;145.0358
Los Angeles;California;United States;34.05223;-118.24368
Uppsala;Uppsala County;Sweden;59.85882;17.63889
Lucca;Tuscany;Italy;43.84369;10.50447
Xinxiang;Henan;China;35.19033;113.80151
Guangzhou;Guangdong;China;23.11667;113.25
Clemson;South Carolina;United States;34.68344;-82.83737
Rajpura;Punjab;India;30.47856;76.59284
Gazipur;Dhaka District;Bangladesh;24.20689;90.47241
Tehran;Tehran Province;Iran;35.69439;51.42151
Vienna;Vienna;Austria;48.20849;16.37208
Portland;Connecticut;United States;41.57288;-72.64065
Portland;Indiana;United States;40.43449;-84.97775
Portland;Maine;United States;43.65737;-70.2589
Portland;Michigan;United States;42.8692;-84.90305
Portland;New York;United States;42.37978;-79.46755
Portland;Oregon;United States;45.52345;-122.67621
Portland;Tennessee;United States;36.58171;-86.51638
Portland;Texas;United States;27.87725;-97.32388
Portland;Wisconsin;United States;43.76886;-90.85819
Munich;Bavaria;Germany;48.13743;11.57549
Beijing;Beijing;China;39.9075;116.39723
Atlanta;Georgia;United States;33.749;-84.38798
Atlanta;Illinois;United States;40.25948;-89.23342
Atlanta;Michigan;United States;45.00473;-84.14389
Atlanta;Texas;United States;33.11374;-94.16435
Oxford;England;United Kingdom;51.75222;-1.25596
Ostrava;Moravskoslezský kraj;Czech Republic;49.83465;18.28204
Linz;Upper Austria;Austria;48.30639;14.28611
Ostrava;Moravskoslezský kraj;Czech Republic;49.83465;18.28204
Kuopio;Pirkanmaa;Finland;62.89238;27.67703
Urbana;Illinois;United States;40.11059;-88.20727
Urbana;Iowa;United States;42.22416;-91.87434
Urbana;Maryland;United States;39.32594;-77.35137
Urbana;Ohio;United States;40.10839;-83.75243
Irvine;California;United States;33.66946;-117.82311
Irvine;Kentucky;United States;37.70064;-83.97381
Kenitra;Kénitra;Morocco;34.26101;-6.5802
Marseille;Provence-Alpes-Côte-d’Azur;France;43.29695;5.38107
Casablanca;Casablanca-Settat;Morocco;33.5884;-7.55785
Agadir;Assa-Zag (EH-partial);Morocco;30.42018;-9.59815
Hefei;Anhui;China;31.86389;117.28083
Nanjing;Taiwan;China;32.06167;118.77778
Xiamen;Fujian;China;24.47979;118.08187
Hangzhou;Zhejiang;China;30.29365;120.16142
Beijing;Beijing;China;39.9075;116.39723
Hangzhou;Zhejiang;China;30.29365;120.16142
Beijing;Beijing;China;39.9075;116.39723
Shenzhen;Guangdong;China;22.55653;113.9859
Udine;Friuli–Venezia Giulia;Italy;46.0693;13.23715
Maynooth;Leinster;Ireland;53.385;-6.59361
Hangzhou;Zhejiang;China;30.29365;120.16142
Edmonton;Alberta;Canada;53.55014;-113.46871
Athens;Alabama;United States;34.80243;-86.97219
Athens;Georgia;United States;33.96095;-83.37794
Athens;Illinois;United States;39.96088;-89.72399
Athens;Michigan;United States;42.08866;-85.23471
Athens;New York;United States;42.26036;-73.80957
Athens;Ohio;United States;39.32924;-82.10126
Athens;Pennsylvania;United States;41.9573;-76.518
Athens;Tennessee;United States;35.44285;-84.59299
Athens;Texas;United States;32.20487;-95.85552
Athens;Wisconsin;United States;45.03302;-90.07402
Hamilton;Ontario;Canada;43.25011;-79.84963
Berkeley;California;United States;37.87159;-122.27275
Berkeley;Illinois;United States;41.88892;-87.9034
Berkeley;Missouri;United States;38.7545;-90.33123
Fuzhou;Fujian;China;26.06139;119.30611
Santa Barbara;California;United States;34.42083;-119.69819
Santa Barbara;Puerto Rico;United States;18.39361111;-65.91888889
St. Louis;Missouri;United States;38.62727;-90.19789
Shanghai;Shanghai;China;31.22222;121.45806
Lemont;Illinois;United States;41.67364;-88.00173
Lemont;Pennsylvania;United States;40.81062;-77.81833
Shenzhen;Guangdong;China;22.55653;113.9859
Tsukuba;Ibaraki Prefecture;Japan;36.2;140.1
Zagazig;Sharqia;Egypt;30.5845623;31.3474779
Lanzhou;Gansu;China;36.05701;103.83987
Wuhan;Hubei;China;30.58333;114.26667
Isfahan;Isfahan Province;Iran;32.65246;51.67462
Washington, D.C.;District of Columbia;United States;38.89511;-77.03637
Hamburg;Hamburg;Germany;53.57532;10.01534
Cambridge;England;United Kingdom;52.2;0.11667
Changsha;Guizhou;China;28.68778;105.98972
Changsha;Hunan;China;28.19874;112.97087
Hangzhou;Zhejiang;China;30.29365;120.16142
Rome;Lazio;Italy;41.89193;12.51133
Sydney;New South Wales;Australia;-33.86785;151.20732
Beijing;Beijing;China;39.9075;116.39723
Sanya;Hainan;China;18.24306;109.505
Guangzhou;Guangdong;China;23.11667;113.25
Beijing;Beijing;China;39.9075;116.39723
Nanjing;Taiwan;China;32.06167;118.77778
Beijing;Beijing;China;39.9075;116.39723
Rome;Lazio;Italy;41.89193;12.51133
Fushun;Liaoning;China;41.88669;123.94363
Calgary;Alberta;Canada;51.05011;-114.08529
Ann Arbor;Michigan;United States;42.27756;-83.74088
Shanghai;Shanghai;China;31.22222;121.45806
Davis;California;United States;38.54491;-121.74052
Davis;Oklahoma;United States;34.50453;-97.11946
Leipzig;Saxony;Germany;51.33962;12.37129
Beijing;Beijing;China;39.9075;116.39723
Clemson;South Carolina;United States;34.68344;-82.83737
Beijing;Beijing;China;39.9075;116.39723
Madrid;Madrid;Spain;40.4165;-3.70256
Chengdu;Sichuan;China;30.66667;104.06667
Pullman;Washington;United States;46.73127;-117.17962
Charlottesville;Virginia;United States;38.02931;-78.47668
Bochum;North Rhine-Westphalia;Germany;51.48165;7.21648
Guangzhou;Guangdong;China;23.11667;113.25
Hefei;Anhui;China;31.86389;117.28083
Amherst;Massachusetts;United States;42.36723;-72.51852
Amherst;New York;United States;42.97839;-78.79976
Amherst;Ohio;United States;41.39782;-82.22238
Amherst;Virginia;United States;37.58514;-79.05141
Amherst;Wisconsin;United States;44.45081;-89.28484
Norwich;England;United Kingdom;52.62783;1.29834
Beijing;Beijing;China;39.9075;116.39723
Nanjing;Taiwan;China;32.06167;118.77778
Shenyang;Liaoning;China;41.79222;123.43278
Bangkok;Bangkok;Thailand;13.75398;100.50144
Edmonton;Alberta;Canada;53.55014;-113.46871
Hangzhou;Zhejiang;China;30.29365;120.16142
Shiraz;Fars Province;Iran;29.61031;52.53113
Shirpur;Maharashtra;India;21.34821;74.88035
Mehsana;Gujarat;India;23.6;72.4
Greater Noida;Uttar Pradesh;India;28.49615;77.53601
Ahmedabad;Gujarat;India;23.02579;72.58727
Lucknow;Uttar Pradesh;India;26.83928;80.92313
Lucknow;Uttar Pradesh;India;26.83928;80.92313
Sydney;New South Wales;Australia;-33.86785;151.20732
Wuhan;Hubei;China;30.58333;114.26667
Aachen;North Rhine-Westphalia;Germany;50.77664;6.08342
Beijing;Beijing;China;39.9075;116.39723
Bengaluru;Karnataka;India;12.97194;77.59369
Noida;Uttar Pradesh;India;28.58;77.33
Kolkata;West Bengal;India;22.54111111;88.33777778
Ghaziabad;Uttar Pradesh;India;28.66535;77.43915
Kuppam;Andhra Pradesh;India;12.74931;78.34189
Coimbatore;Tamil Nadu;India;10.8;77.09
Greater Noida;Uttar Pradesh;India;28.49615;77.53601
Sivakasi;Tamil Nadu;India;9.44999;77.79797
Chennai;Tamil Nadu;India;13.08784;80.27847
Chennai;Tamil Nadu;India;13.08784;80.27847
Hyderabad;Telangana;India;17.38405;78.45636
Chennai;Tamil Nadu;India;13.08784;80.27847
Chennai;Tamil Nadu;India;13.08784;80.27847
Vellore;Tamil Nadu;India;12.86;79.035
Jamshedpur;Jharkhand;India;22.80278;86.18545
Mataram;Nusa Tenggara Barat;Indonesia;-8.58333;116.11667
Surakarta;Jawa Tengah;Indonesia;-7.55611;110.83167
Mataram;Nusa Tenggara Barat;Indonesia;-8.58333;116.11667
Padang;Sumatera Barat;Indonesia;-0.94924;100.35427
Yogyakarta;DI Yogyakarta;Indonesia;-7.80139;110.36472
La Jolla;California;United States;32.84727;-117.2742
Detroit;Michigan;United States;42.33143;-83.04575
Dehradun;Uttarakhand;India;30.33;78.06
Mumbai;Maharashtra;India;19.07283;72.88261
Chicago;Illinois;United States;41.85003;-87.65005
Oslo;Oslo;Norway;59.91273;10.74609
Shanghai;Shanghai;China;31.22222;121.45806
Pekan;Pahang;Malaysia;3.4836;103.3996
Beijing;Beijing;China;39.9075;116.39723
Lafayette;Alabama;United States;32.89985;-85.40106
Lafayette;California;United States;37.88576;-122.11802
Lafayette;Colorado;United States;39.9936;-105.08971
Lafayette;Indiana;United States;40.4167;-86.87529
Lafayette;Louisiana;United States;30.22409;-92.01984
Lafayette;Oregon;United States;45.24428;-123.11483
Lafayette;Tennessee;United States;36.52116;-86.02637
Porto Alegre;Rio Grande do Sul;Brazil;-30.03283;-51.23019
Ithaca;Michigan;United States;43.2917;-84.6075
Ithaca;New York;United States;42.44063;-76.49661
Toronto;Ontario;Canada;43.70011;-79.4163
St. Louis;Missouri;United States;38.62727;-90.19789
Mohali;Punjab;India;30.67995;76.72211
Philadelphia;Mississippi;United States;32.77152;-89.11673
Philadelphia;New York;United States;44.1545;-75.70882
Philadelphia;Pennsylvania;United States;39.95233;-75.16379
Xinyang;Henan;China;32.12278;114.06556
Bari;Apulia;Italy;40.93333;16.66667
Shanghai;Shanghai;China;31.22222;121.45806
Wuhan;Hubei;China;30.58333;114.26667
Pathum Thani;Pathum Thani;Thailand;14.01346;100.53049
Bangkok;Bangkok;Thailand;13.75398;100.50144
Rijeka;Primorje-Gorski Kotar County;Croatia;45.32673;14.44241
Shenyang;Liaoning;China;41.79222;123.43278
Dhaka;Dhaka District;Bangladesh;23.81093;90.36542
Seoul;Seoul;South Korea;37.566;126.9784
Davao;Davao Region;Philippines;7.07306;125.61278
Manila;Metro Manila;Philippines;14.6042;120.9822
Riyadh;Riyadh;Saudi Arabia;24.68773;46.72185
Bangkok;Bangkok;Thailand;13.75398;100.50144
Baltimore;Maryland;United States;39.29038;-76.61219
Baltimore;Ohio;United States;39.84534;-82.60072
University Park;Florida;United States;25.74649;-80.36755
University Park;Illinois;United States;41.44298;-87.6836
University Park;Maryland;United States;38.97039;-76.94192
University Park;New Mexico;United States;32.28343;-106.75334
University Park;Texas;United States;32.85013;-96.80028
Sydney;New South Wales;Australia;-33.86785;151.20732
Wuhan;Hubei;China;30.58333;114.26667
Nanjing;Taiwan;China;32.06167;118.77778
Toulouse;Occitanie;France;43.60426;1.44367
Hiroshima;Hiroshima Prefecture;Japan;34.4;132.45
Fort Collins;Colorado;United States;40.58526;-105.08442
Toronto;Ontario;Canada;43.70011;-79.4163
Gangtok;Sikkim;India;27.32574;88.61216
Shanghai;Shanghai;China;31.22222;121.45806
Beijing;Beijing;China;39.9075;116.39723
Beijing;Beijing;China;39.9075;116.39723
Beijing;Beijing;China;39.9075;116.39723
Bishnupur;Manipur;India;24.60769;93.77998
Bishnupur;West Bengal;India;22.38;88.27
Toulouse;Occitanie;France;43.60426;1.44367
Ivry-sur-Seine;Île-de-France;France;48.81568;2.38487
Pisa;Tuscany;Italy;43.70853;10.4036
Pomona;California;United States;34.05529;-117.75228
Pomona;New Jersey;United States;39.47845;-74.57516
Pomona;New York;United States;41.16704;-74.0432
Cincinnati;Ohio;United States;39.12711;-84.51439
Kennesaw;Georgia;United States;34.02343;-84.61549
Namur;Wallonia;Belgium;50.4669;4.86746
Si Racha;Chon Buri;Thailand;13.17372;100.93111
Dhaka;Dhaka District;Bangladesh;23.81093;90.36542
Gaborone;South-East District;Botswana;-24.76234;25.7995
Surakarta;Jawa Tengah;Indonesia;-7.55611;110.83167
Pohang;North Gyeongsang Province;South Korea;36.02917;129.36481
Chennai;Tamil Nadu;India;13.08784;80.27847
Rome;Lazio;Italy;41.89193;12.51133
Kampala;Central Region;Uganda;0.31628;32.58219
Mohali;Punjab;India;30.67995;76.72211
Beijing;Beijing;China;39.9075;116.39723
Beijing;Beijing;China;39.9075;116.39723
Hyderabad;Telangana;India;17.38405;78.45636
Kharagpur;Bihar;India;25.12446;86.55578
Kharagpur;West Bengal;India;22.330239;87.323653
Beijing;Beijing;China;39.9075;116.39723
Gandhinagar;Gujarat;India;23.21667;72.68333
Kolkata;West Bengal;India;22.54111111;88.33777778
Cambridge;England;United Kingdom;52.2;0.11667
Gif-sur-Yvette;Île-de-France;France;48.68333;2.13333
Karlsruhe;Baden-Württemberg;Germany;49.00937;8.40444
Changchun;Jilin;China;43.88;125.32278
Mashhad;Razavi Khorasan Province;Iran;36.31559;59.56796
Nanjing;Taiwan;China;32.06167;118.77778
Shanghai;Shanghai;China;31.22222;121.45806
Wenzhou;Zhejiang;China;27.99942;120.66682
Shanghai;Shanghai;China;31.22222;121.45806
Cotonou;Littoral Department;Benin;6.36536;2.41833
Minsk;Minsk;Belarus;53.9;27.56667
Wenzhou;Zhejiang;China;27.99942;120.66682
Ottawa;Ontario;Canada;45.41117;-75.69812
Sydney;New South Wales;Australia;-33.86785;151.20732
Mosul;Nineveh Governorate;Iraq;36.335;43.11889
Bengaluru;Karnataka;India;12.97194;77.59369
Vijayawada;Andhra Pradesh;India;16.50745;80.6466
Bengaluru;Karnataka;India;12.97194;77.59369
Madurai;Tamil Nadu;India;9.89;78.03
Visakhapatnam;Andhra Pradesh;India;17.68009;83.20161
Guwahati;Assam;India;26.1844;91.7458
Vellore;Tamil Nadu;India;12.86;79.035
Tirupati;Andhra Pradesh;India;13.63551;79.41989
Khulna;Khulna District;Bangladesh;22.5;89.33333
Coimbatore;Tamil Nadu;India;10.8;77.09
Kollam;Kerala;India;8.88113;76.58469
Bhimavaram;Andhra Pradesh;India;16.54078;81.52322
Genoa;Liguria;Italy;44.40478;8.94439
Bengaluru;Karnataka;India;12.97194;77.59369
Depok;DI Yogyakarta;Indonesia;-7.7625;110.43167
Depok;Jawa Barat;Indonesia;-6.4;106.81861
Pune;Maharashtra;India;18.51957;73.85535
Kollam;Kerala;India;8.88113;76.58469
Bengaluru;Karnataka;India;12.97194;77.59369
Pune;Maharashtra;India;18.51957;73.85535
Angeles City;Central Luzon;Philippines;15.15;120.58333
Bengaluru;Karnataka;India;12.97194;77.59369
Coimbatore;Tamil Nadu;India;10.8;77.09
Kollam;Kerala;India;8.88113;76.58469
Mallasamudram;Tamil Nadu;India;11.49333;78.03119
Seoul;Seoul;South Korea;37.566;126.9784
Chidambaram;Tamil Nadu;India;11.39933;79.69144
Sunyani;Bono;Ghana;7.3380332;-2.3487146
Jakarta;DKI Jakarta;Indonesia;-6.21462;106.84513
Cairo;Cairo;Egypt;30.06263;31.24967
Nagpur;Maharashtra;India;21.14631;79.08491
Jakarta;DKI Jakarta;Indonesia;-6.21462;106.84513
Maastricht;Limburg;Netherlands;50.84833;5.68889
Carbondale;Colorado;United States;39.40221;-107.21116
Carbondale;Illinois;United States;37.72727;-89.21675
Carbondale;Kansas;United States;38.81862;-95.68915
Carbondale;Pennsylvania;United States;41.57369;-75.50185
Kunming;Yunnan;China;25.03889;102.71833
Prague;Praha, Hlavní město;Czech Republic;50.08804;14.42076
Shenyang;Liaoning;China;41.79222;123.43278
Auckland;Auckland Region;New Zealand;-36.84853;174.76349
Salatiga;Jawa Tengah;Indonesia;-7.33194;110.49278
Riyadh;Riyadh;Saudi Arabia;24.68773;46.72185
Harbin;Heilongjiang;China;45.75;126.65
Bergen;Hordaland;Norway;60.392;5.328
Bethesda;Maryland;United States;38.98067;-77.10026
Bethesda;Ohio;United States;40.01618;-81.0726
Pittsburgh;Pennsylvania;United States;40.44062;-79.99589
Enschede;Overijssel;Netherlands;52.21833;6.89583
Lecce;Apulia;Italy;40.35481;18.17244
Victoria;British Columbia;Canada;48.4359;-123.35155
Frankfurt am Main;Hesse;Germany;50.11552;8.68417
Madison;Alabama;United States;34.69926;-86.74833
Madison;Connecticut;United States;41.27954;-72.59843
Madison;Florida;United States;30.46938;-83.41293
Madison;Georgia;United States;33.59568;-83.46794
Madison;Illinois;United States;38.68255;-90.15705
Madison;Indiana;United States;38.73589;-85.37996
Madison;Maine;United States;44.79756;-69.87978
Madison;Minnesota;United States;45.00968;-96.19588
Madison;Mississippi;United States;32.46181;-90.11536
Madison;Nebraska;United States;41.82834;-97.45505
Madison;New Hampshire;United States;43.89924;-71.1484
Madison;New Jersey;United States;40.75982;-74.4171
Madison;North Carolina;United States;36.38542;-79.95949
Madison;Ohio;United States;41.77116;-81.04982
Madison;South Dakota;United States;44.00608;-97.11395
Madison;Virginia;United States;38.38041;-78.2575
Madison;West Virginia;United States;38.06705;-81.81929
Madison;Wisconsin;United States;43.07305;-89.40123
Cangzhou;Hebei;China;38.31667;116.86667
Washington, D.C.;District of Columbia;United States;38.89511;-77.03637
Seoul;Seoul;South Korea;37.566;126.9784
Stanford;California;United States;37.42411;-122.16608
Stanford;Kentucky;United States;37.53119;-84.66189
Stanford;Montana;United States;47.15358;-110.21826
Oxford;England;United Kingdom;51.75222;-1.25596
Indore;Madhya Pradesh;India;22.66667;75.75
Beijing;Beijing;China;39.9075;116.39723
Tehran;Tehran Province;Iran;35.69439;51.42151
Syracuse;Indiana;United States;41.42783;-85.75249
Syracuse;Kansas;United States;37.98071;-101.7543
Syracuse;Nebraska;United States;40.65722;-96.1864
Syracuse;New York;United States;43.04812;-76.14742
Syracuse;Utah;United States;41.08939;-112.06467
Hangzhou;Zhejiang;China;30.29365;120.16142
Guangzhou;Guangdong;China;23.11667;113.25
Medford;Massachusetts;United States;42.41843;-71.10616
Medford;Minnesota;United States;44.17413;-93.24632
Medford;New York;United States;40.8176;-73.00011
Medford;Oklahoma;United States;36.80697;-97.73366
Medford;Oregon;United States;42.32652;-122.87559
Medford;Wisconsin;United States;45.13858;-90.34014
Beijing;Beijing;China;39.9075;116.39723
Beijing;Beijing;China;39.9075;116.39723
Tehran;Tehran Province;Iran;35.69439;51.42151
Qingdao;Shandong;China;36.06488;120.38042
Khulna;Khulna District;Bangladesh;22.5;89.33333
Edmonton;Alberta;Canada;53.55014;-113.46871
Zagazig;Sharqia;Egypt;30.5845623;31.3474779
Seoul;Seoul;South Korea;37.566;126.9784
Milan;Lombardy;Italy;45.46427;9.18951
Suzhou;Anhui;China;33.63611;116.97889
Suzhou;Taiwan;China;31.30408;120.59538
Shenzhen;Guangdong;China;22.55653;113.9859
Suzhou;Anhui;China;33.63611;116.97889
Suzhou;Taiwan;China;31.30408;120.59538
Gwangju;Gwangju;South Korea;35.15472;126.91556
Gwangju;Gyeonggi Province;South Korea;37.41;127.25722
Stanford;California;United States;37.42411;-122.16608
Stanford;Kentucky;United States;37.53119;-84.66189
Stanford;Montana;United States;47.15358;-110.21826
Hangzhou;Zhejiang;China;30.29365;120.16142
Qinhuangdao;Hebei;China;39.93167;119.58833
Pisa;Tuscany;Italy;43.70853;10.4036
Cleveland;Alabama;United States;33.99093;-86.57749
Cleveland;Florida;United States;26.96173;-81.98398
Cleveland;Georgia;United States;34.59704;-83.76324
Cleveland;Mississippi;United States;33.744;-90.72482
Cleveland;Ohio;United States;41.4995;-81.69541
Cleveland;Oklahoma;United States;36.31032;-96.46584
Cleveland;Tennessee;United States;35.15952;-84.87661
Cleveland;Texas;United States;30.34132;-95.08549
Cleveland;Wisconsin;United States;43.91499;-87.74731
Shenzhen;Guangdong;China;22.55653;113.9859
Modena;Emilia-Romagna;Italy;44.64783;10.92539
Qinhuangdao;Hebei;China;39.93167;119.58833
Leeds;England;United Kingdom;53.79648;-1.54785
Qazvin;Qazvin Province;Iran;36.26877;50.0041
Beijing;Beijing;China;39.9075;116.39723
Al Kharj;Riyadh;Saudi Arabia;24.15541;47.33457
Beijing;Beijing;China;39.9075;116.39723
Daejeon;Daejeon;South Korea;36.34913;127.38493
Beijing;Beijing;China;39.9075;116.39723
Jinan;Shandong;China;36.66833;116.99722
Beijing;Beijing;China;39.9075;116.39723
Madrid;Madrid;Spain;40.4165;-3.70256
Riyadh;Riyadh;Saudi Arabia;24.68773;46.72185
Abha;'Asir;Saudi Arabia;18.21639;42.50528
Abha;Makkah;Saudi Arabia;18.21666667;42.5
Changchun;Jilin;China;43.88;125.32278
Trondheim;Trøndelag;Norway;63.42811;10.39687
Chongqing;Chongqing;China;29.56278;106.55278
Shenzhen;Guangdong;China;22.55653;113.9859
Jinan;Shandong;China;36.66833;116.99722
Beijing;Beijing;China;39.9075;116.39723
Sharjah;Sharjah Emirate;United Arab Emirates;25.33737;55.41206
Shanghai;Shanghai;China;31.22222;121.45806
Baltimore;Maryland;United States;39.29038;-76.61219
Baltimore;Ohio;United States;39.84534;-82.60072
Campinas;Santa Catarina;Brazil;-27.59444;-48.60694
Campinas;São Paulo;Brazil;-22.90556;-47.06083
Copenhagen;Capital Region of Denmark;Denmark;55.67594;12.56553
Waterloo;Ontario;Canada;43.4668;-80.51639
Waterloo;Quebec;Canada;45.35008;-72.51582
Guangzhou;Guangdong;China;23.11667;113.25
Delft;South Holland;Netherlands;52.00667;4.35556
Beijing;Beijing;China;39.9075;116.39723
Beijing;Beijing;China;39.9075;116.39723
Chongqing;Chongqing;China;29.56278;106.55278
Jinan;Shandong;China;36.66833;116.99722
Shenzhen;Guangdong;China;22.55653;113.9859
Shiraz;Fars Province;Iran;29.61031;52.53113
Curitiba;Paraná;Brazil;-25.42778;-49.27306
London;Ontario;Canada;42.98339;-81.23304
Xiangtan;Hunan;China;27.85;112.9
Mokpo;South Jeolla Province;South Korea;34.81282;126.39181
Kingston;Ontario;Canada;44.22976;-76.48098
Fuzhou;Fujian;China;26.06139;119.30611
Beijing;Beijing;China;39.9075;116.39723
Delft;South Holland;Netherlands;52.00667;4.35556
Chongqing;Chongqing;China;29.56278;106.55278
Tianjin;Tianjin;China;39.14666667;117.20555556
Daejeon;Daejeon;South Korea;36.34913;127.38493
Blacksburg;South Carolina;United States;35.12124;-81.51592
Blacksburg;Virginia;United States;37.22957;-80.41394
Chengdu;Sichuan;China;30.66667;104.06667
Chengdu;Sichuan;China;30.66667;104.06667
Patna;Bihar;India;25.41667;85.16667
Harbin;Heilongjiang;China;45.75;126.65
Kingston;Ontario;Canada;44.22976;-76.48098
Philadelphia;Mississippi;United States;32.77152;-89.11673
Philadelphia;New York;United States;44.1545;-75.70882
Philadelphia;Pennsylvania;United States;39.95233;-75.16379
Dearborn;Michigan;United States;42.32226;-83.17631
Dongguan;Guangdong;China;23.01797;113.74866
Hangzhou;Zhejiang;China;30.29365;120.16142
Taipei;Taipei;Taiwan;25.04776;121.53185
Minneapolis;Kansas;United States;39.12194;-97.7067
Minneapolis;Minnesota;United States;44.97997;-93.26384
Vellore;Tamil Nadu;India;12.86;79.035
Kerman;Kerman Province;Iran;30.28321;57.07879
Beijing;Beijing;China;39.9075;116.39723
De Bilt;Utrecht;Netherlands;52.11;5.18056
Chongqing;Chongqing;China;29.56278;106.55278
Beijing;Beijing;China;39.9075;116.39723
Lanzhou;Gansu;China;36.05701;103.83987
Guildford;England;United Kingdom;51.23536;-0.57427
Pittsburgh;Pennsylvania;United States;40.44062;-79.99589
Shanghai;Shanghai;China;31.22222;121.45806
Beijing;Beijing;China;39.9075;116.39723
Wuhan;Hubei;China;30.58333;114.26667
Changsha;Guizhou;China;28.68778;105.98972
Changsha;Hunan;China;28.19874;112.97087
Changsha;Guizhou;China;28.68778;105.98972
Changsha;Hunan;China;28.19874;112.97087
Minneapolis;Kansas;United States;39.12194;-97.7067
Minneapolis;Minnesota;United States;44.97997;-93.26384
Guangzhou;Guangdong;China;23.11667;113.25
New Delhi;Delhi;India;28.63576;77.22445
Shanghai;Shanghai;China;31.22222;121.45806
Xiangtan;Hunan;China;27.85;112.9
Perth;Tasmania;Australia;-41.57231;147.17096
Perth;Western Australia;Australia;-31.95224;115.8614
Nanjing;Taiwan;China;32.06167;118.77778
Taipei;Taipei;Taiwan;25.04776;121.53185
Shenzhen;Guangdong;China;22.55653;113.9859
Seattle;Washington;United States;47.60621;-122.33207
Seoul;Seoul;South Korea;37.566;126.9784
The Hague;South Holland;Netherlands;52.07667;4.29861
Vienna;Vienna;Austria;48.20849;16.37208
Edinburgh;Scotland;United Kingdom;55.95206;-3.19648
Munich;Bavaria;Germany;48.13743;11.57549
Chongqing;Chongqing;China;29.56278;106.55278
Hangzhou;Zhejiang;China;30.29365;120.16142
Menlo Park;California;United States;37.45383;-122.18219
Urbana;Illinois;United States;40.11059;-88.20727
Urbana;Iowa;United States;42.22416;-91.87434
Urbana;Maryland;United States;39.32594;-77.35137
Urbana;Ohio;United States;40.10839;-83.75243
Espoo;Uusimaa;Finland;60.2052;24.6522
Zhenjiang;Taiwan;China;32.21086;119.45508
Hoboken;New Jersey;United States;40.74399;-74.03236
Milan;Lombardy;Italy;45.46427;9.18951
Chongqing;Chongqing;China;29.56278;106.55278
Shenyang;Liaoning;China;41.79222;123.43278
Beijing;Beijing;China;39.9075;116.39723
Shenzhen;Guangdong;China;22.55653;113.9859
Nanjing;Taiwan;China;32.06167;118.77778
Kharagpur;Bihar;India;25.12446;86.55578
Kharagpur;West Bengal;India;22.330239;87.323653
Miami;Arizona;United States;33.39922;-110.86872
Miami;Florida;United States;25.77427;-80.19366
Miami;Oklahoma;United States;36.87451;-94.87746
Miami;Texas;United States;35.69143;-100.63819
Shanghai;Shanghai;China;31.22222;121.45806
Shenyang;Liaoning;China;41.79222;123.43278
Stockholm;Stockholm County;Sweden;59.33258;18.0649
Dhaka;Dhaka District;Bangladesh;23.81093;90.36542
London;England;United Kingdom;51.50853;-0.12574
Cambridge;England;United Kingdom;52.2;0.11667
Bonn;North Rhine-Westphalia;Germany;50.73438;7.09549
Guangzhou;Guangdong;China;23.11667;113.25
Taipei;Taipei;Taiwan;25.04776;121.53185
Shanghai;Shanghai;China;31.22222;121.45806
San Francisco;California;United States;37.77493;-122.41942
Beijing;Beijing;China;39.9075;116.39723
Guangzhou;Guangdong;China;23.11667;113.25
Shanghai;Shanghai;China;31.22222;121.45806
Tuscaloosa;Alabama;United States;33.20984;-87.56917
Changwon;South Gyeongsang Province;South Korea;35.22806;128.68111
Cambridge;England;United Kingdom;52.2;0.11667
Kunming;Yunnan;China;25.03889;102.71833
Hangzhou;Zhejiang;China;30.29365;120.16142
Beijing;Beijing;China;39.9075;116.39723
Guangzhou;Guangdong;China;23.11667;113.25
Melbourne;Victoria;Australia;-37.814;144.96332
Solan;Himachal Pradesh;India;31.08333;76.83333
Baltimore;Maryland;United States;39.29038;-76.61219
Baltimore;Ohio;United States;39.84534;-82.60072
Cambridge;Illinois;United States;41.30365;-90.1929
Cambridge;Maryland;United States;38.56317;-76.07883
Cambridge;Massachusetts;United States;42.3751;-71.10561
Cambridge;Minnesota;United States;45.57274;-93.22439
Cambridge;Nebraska;United States;40.28195;-100.16569
Cambridge;New York;United States;43.02813;-73.38122
Cambridge;Ohio;United States;40.03118;-81.58846
Cambridge;Wisconsin;United States;43.00361;-89.0165
Adelaide;South Australia;Australia;-34.92866;138.59863
Wuhan;Hubei;China;30.58333;114.26667
Beijing;Beijing;China;39.9075;116.39723
Bangkok;Bangkok;Thailand;13.75398;100.50144
Gwangju;Gwangju;South Korea;35.15472;126.91556
Gwangju;Gyeonggi Province;South Korea;37.41;127.25722
Changsha;Guizhou;China;28.68778;105.98972
Changsha;Hunan;China;28.19874;112.97087
Austin;Arkansas;United States;34.99842;-91.98376
Austin;Indiana;United States;38.75839;-85.80803
Austin;Minnesota;United States;43.66663;-92.97464
Austin;Texas;United States;30.26715;-97.74306
Pavia;Lombardy;Italy;45.19205;9.15917
Amsterdam;North Holland;Netherlands;52.37403;4.88969
Nanjing;Taiwan;China;32.06167;118.77778
Yangzhou;Taiwan;China;32.39722;119.43583
Tianjin;Tianjin;China;39.14666667;117.20555556
Beijing;Beijing;China;39.9075;116.39723
Mangalagiri;Andhra Pradesh;India;16.43083;80.56815
Harbin;Heilongjiang;China;45.75;126.65
Wuhan;Hubei;China;30.58333;114.26667
Berkeley;California;United States;37.87159;-122.27275
Berkeley;Illinois;United States;41.88892;-87.9034
Berkeley;Missouri;United States;38.7545;-90.33123
Geelong;Victoria;Australia;-38.14711;144.36069
Salerno;Campania;Italy;40.67545;14.79328
Hefei;Anhui;China;31.86389;117.28083
Shanghai;Shanghai;China;31.22222;121.45806
Aberdeen;Scotland;United Kingdom;57.14369;-2.09814
Beijing;Beijing;China;39.9075;116.39723
Ann Arbor;Michigan;United States;42.27756;-83.74088
Perth;Tasmania;Australia;-41.57231;147.17096
Perth;Western Australia;Australia;-31.95224;115.8614
Mutare;Manicaland;Zimbabwe;-18.9707;32.67086
Hatfield;England;United Kingdom;51.76338;-0.22419
Baghdad;Baghdad Governorate;Iraq;33.34058;44.40088
Guangzhou;Guangdong;China;23.11667;113.25
Hsinchu;Hsinchu;Taiwan;24.80361;120.96861
Norman;Oklahoma;United States;35.22257;-97.43948
Columbus;Georgia;United States;32.46098;-84.98771
Columbus;Indiana;United States;39.20144;-85.92138
Columbus;Kansas;United States;37.16923;-94.84412
Columbus;Minnesota;United States;45.26522;-93.05015
Columbus;Mississippi;United States;33.49567;-88.42726
Columbus;Montana;United States;45.63661;-109.25211
Columbus;Nebraska;United States;41.42973;-97.36838
Columbus;New Mexico;United States;31.8276;-107.64002
Columbus;North Carolina;United States;35.25317;-82.19706
Columbus;Ohio;United States;39.96118;-82.99879
Columbus;Texas;United States;29.70662;-96.53969
Columbus;Wisconsin;United States;43.33805;-89.01539
Dalian;Liaoning;China;38.91222;121.60222
Shanghai;Shanghai;China;31.22222;121.45806
Houston;Alaska;United States;61.63028;-149.81806
Houston;Mississippi;United States;33.89845;-88.99923
Houston;Missouri;United States;37.32616;-91.95599
Houston;Pennsylvania;United States;40.24646;-80.21145
Houston;Texas;United States;29.76328;-95.36327
Daejeon;Daejeon;South Korea;36.34913;127.38493
Wuhan;Hubei;China;30.58333;114.26667
Shenyang;Liaoning;China;41.79222;123.43278
Curitiba;Paraná;Brazil;-25.42778;-49.27306
Nanchang;Jiangxi;China;28.68396;115.85306
Tokyo;Tokyo;Japan;35.6895;139.69171
Odense;Region of Southern Denmark;Denmark;55.39594;10.38831
